id,root,ANDROID_INCLUDE_LDPI_TVDPI,ANDROID_MIPMAP_INSTEAD_OF_DRAWABLE,ANTI_ALIASING,CLEAN,DRY_RUN,HALT_ON_ERROR,IOS_CREATE_IMAGESET_FOLDERS,KEEP_ORIGINAL_POST_PROCESSED_FILES,POST_PROCESSOR_MOZ_JPEG,POST_PROCESSOR_PNG_CRUSH,POST_PROCESSOR_WEBP,SCALE_IS_HEIGHT_DP,SKIP_EXISTING,SKIP_UPSCALING,VERBOSE,COMPRESSION_QUALITY,FRACTION,DOWNSCALING_ALGO,DOWNSCALING_ALGO_LANCZOS2,DOWNSCALING_ALGO_MITCHELL,OUT_COMPRESSION,OUT_COMPRESSION_JPG,OUT_COMPRESSION_PNG,PLATFORM,PLATFORM_ANDROID,PLATFORM_IOS,ROUNDING_MODE,ROUNDING_MODE_ROUND,ROUNDING_MODE_FLOOR,UPSCALING_ALGO,UPSCALING_ALGO_LANCZOS2,UPSCALING_ALGO_MITCHELL,performance(ms;<)
bb145ee5-9609-309a-b4cb-0ec03fdd135b,1,0,0,0,0,0,0,0,0,0,0,0,0,0,0,0.0
bb145ee5-9609-309a-b4cb-0ec03fdd135b,0,1,0,0,0,0,0,0,0,0,0,0,0,0,0,0.0
bb145ee5-9609-309a-b4cb-0ec03fdd135b,0,0,1,0,0,0,0,0,0,0,0,0,0,0,0,0.0
bb145ee5-9609-309a-b4cb-0ec03fdd135b,0,0,0,1,0,0,0,0,0,0,0,0,0,0,0,0.0
bb145ee5-9609-309a-b4cb-0ec03fdd135b,0,0,0,0,1,0,0,0,0,0,0,0,0,0,0,0.0
bb145ee5-9609-309a-b4cb-0ec03fdd135b,0,0,0,0,0,1,0,0,0,0,0,0,0,0,0,0.0
bb145ee5-9609-309a-b4cb-0ec03fdd135b,0,0,0,0,0,0,1,0,0,0,0,0,0,0,0,0.0
bb145ee5-9609-309a-b4cb-0ec03fdd135b,0,0,0,0,0,0,0,1,0,0,0,0,0,0,0,0.0
bb145ee5-9609-309a-b4cb-0ec03fdd135b,0,0,0,0,0,0,0,0,1,0,0,0,0,0,0,0.0
bb145ee5-9609-309a-b4cb-0ec03fdd135b,0,0,0,0,0,0,0,0,0,1,0,0,0,0,0,0.0
bb145ee5-9609-309a-b4cb-0ec03fdd135b,0,0,0,0,0,0,0,0,0,0,1,0,0,0,0,0.0
bb145ee5-9609-309a-b4cb-0ec03fdd135b,0,0,0,0,0,0,0,0,0,0,0,1,0,0,0,0.0
bb145ee5-9609-309a-b4cb-0ec03fdd135b,0,0,0,0,0,0,0,0,0,0,0,0,1,0,0,0.0
4613e901-1239-3984-a3b4-6e33d0fffede,1,0,0,0,0,0,0,0,0,0,0,0,0,0,0,0.0
4613e901-1239-3984-a3b4-6e33d0fffede,0,1,0,0,0,0,0,0,0,0,0,0,0,0,0,0.0
4613e901-1239-3984-a3b4-6e33d0fffede,0,0,1,0,0,0,0,0,0,0,0,0,0,0,0,0.0
4613e901-1239-3984-a3b4-6e33d0fffede,0,0,0,1,0,0,0,0,0,0,0,0,0,0,0,0.0
4613e901-1239-3984-a3b4-6e33d0fffede,0,0,0,0,1,0,0,0,0,0,0,0,0,0,0,0.0
4613e901-1239-3984-a3b4-6e33d0fffede,0,0,0,0,0,1,0,0,0,0,0,0,0,0,0,0.0
4613e901-1239-3984-a3b4-6e33d0fffede,0,0,0,0,0,0,1,0,0,0,0,0,0,0,0,0.0
4613e901-1239-3984-a3b4-6e33d0fffede,0,0,0,0,0,0,0,1,0,0,0,0,0,0,0,0.0
4613e901-1239-3984-a3b4-6e33d0fffede,0,0,0,0,0,0,0,0,1,0,0,0,0,0,0,0.0
4613e901-1239-3984-a3b4-6e33d0fffede,0,0,0,0,0,0,0,0,0,1,0,0,0,0,0,0.0
4613e901-1239-3984-a3b4-6e33d0fffede,0,0,0,0,0,0,0,0,0,0,1,0,0,0,0,0.0
4613e901-1239-3984-a3b4-6e33d0fffede,0,0,0,0,0,0,0,0,0,0,0,1,0,0,0,0.0
4613e901-1239-3984-a3b4-6e33d0fffede,0,0,0,0,0,0,0,0,0,0,0,0,1,0,0,0.0
96054d02-2e2a-3d10-8f59-3601043d4fd8,1,0,0,0,0,0,0,0,0,0,0,0,0,0,0,0.0
96054d02-2e2a-3d10-8f59-3601043d4fd8,0,1,0,0,0,0,0,0,0,0,0,0,0,0,0,0.0
96054d02-2e2a-3d10-8f59-3601043d4fd8,0,0,1,0,0,0,0,0,0,0,0,0,0,0,0,0.0
96054d02-2e2a-3d10-8f59-3601043d4fd8,0,0,0,1,0,0,0,0,0,0,0,0,0,0,0,0.0
96054d02-2e2a-3d10-8f59-3601043d4fd8,0,0,0,0,1,0,0,0,0,0,0,0,0,0,0,0.0
96054d02-2e2a-3d10-8f59-3601043d4fd8,0,0,0,0,0,1,0,0,0,0,0,0,0,0,0,0.0
96054d02-2e2a-3d10-8f59-3601043d4fd8,0,0,0,0,0,0,1,0,0,0,0,0,0,0,0,0.0
96054d02-2e2a-3d10-8f59-3601043d4fd8,0,0,0,0,0,0,0,1,0,0,0,0,0,0,0,0.0
96054d02-2e2a-3d10-8f59-3601043d4fd8,0,0,0,0,0,0,0,0,1,0,0,0,0,0,0,0.0
96054d02-2e2a-3d10-8f59-3601043d4fd8,0,0,0,0,0,0,0,0,0,1,0,0,0,0,0,-0.0187
96054d02-2e2a-3d10-8f59-3601043d4fd8,0,0,0,0,0,0,0,0,0,0,1,0,0,0,0,0.0
96054d02-2e2a-3d10-8f59-3601043d4fd8,0,0,0,0,0,0,0,0,0,0,0,1,0,0,0,-0.0007
96054d02-2e2a-3d10-8f59-3601043d4fd8,0,0,0,0,0,0,0,0,0,0,0,0,1,0,0,0.0002
81265297-8a91-32b1-857c-4d173011879e,1,0,0,0,0,0,0,0,0,0,0,0,0,0,0,0.0
81265297-8a91-32b1-857c-4d173011879e,0,1,0,0,0,0,0,0,0,0,0,0,0,0,0,0.0
81265297-8a91-32b1-857c-4d173011879e,0,0,1,0,0,0,0,0,0,0,0,0,0,0,0,0.0
81265297-8a91-32b1-857c-4d173011879e,0,0,0,1,0,0,0,0,0,0,0,0,0,0,0,0.0
81265297-8a91-32b1-857c-4d173011879e,0,0,0,0,1,0,0,0,0,0,0,0,0,0,0,0.0
81265297-8a91-32b1-857c-4d173011879e,0,0,0,0,0,1,0,0,0,0,0,0,0,0,0,0.0
81265297-8a91-32b1-857c-4d173011879e,0,0,0,0,0,0,1,0,0,0,0,0,0,0,0,0.0
81265297-8a91-32b1-857c-4d173011879e,0,0,0,0,0,0,0,1,0,0,0,0,0,0,0,0.0
81265297-8a91-32b1-857c-4d173011879e,0,0,0,0,0,0,0,0,1,0,0,0,0,0,0,0.0
81265297-8a91-32b1-857c-4d173011879e,0,0,0,0,0,0,0,0,0,1,0,0,0,0,0,0.0
81265297-8a91-32b1-857c-4d173011879e,0,0,0,0,0,0,0,0,0,0,1,0,0,0,0,0.0
81265297-8a91-32b1-857c-4d173011879e,0,0,0,0,0,0,0,0,0,0,0,1,0,0,0,0.0
81265297-8a91-32b1-857c-4d173011879e,0,0,0,0,0,0,0,0,0,0,0,0,1,0,0,0.0
e809e412-2ce1-397d-a371-be082533c0ec,1,0,0,0,0,0,0,0,0,0,0,0,0,0,0,0.0
e809e412-2ce1-397d-a371-be082533c0ec,0,1,0,0,0,0,0,0,0,0,0,0,0,0,0,0.0
e809e412-2ce1-397d-a371-be082533c0ec,0,0,1,0,0,0,0,0,0,0,0,0,0,0,0,0.0
e809e412-2ce1-397d-a371-be082533c0ec,0,0,0,1,0,0,0,0,0,0,0,0,0,0,0,0.0
e809e412-2ce1-397d-a371-be082533c0ec,0,0,0,0,1,0,0,0,0,0,0,0,0,0,0,0.0
e809e412-2ce1-397d-a371-be082533c0ec,0,0,0,0,0,1,0,0,0,0,0,0,0,0,0,0.0
e809e412-2ce1-397d-a371-be082533c0ec,0,0,0,0,0,0,1,0,0,0,0,0,0,0,0,0.0
e809e412-2ce1-397d-a371-be082533c0ec,0,0,0,0,0,0,0,1,0,0,0,0,0,0,0,0.0
e809e412-2ce1-397d-a371-be082533c0ec,0,0,0,0,0,0,0,0,1,0,0,0,0,0,0,0.0
e809e412-2ce1-397d-a371-be082533c0ec,0,0,0,0,0,0,0,0,0,1,0,0,0,0,0,0.0
e809e412-2ce1-397d-a371-be082533c0ec,0,0,0,0,0,0,0,0,0,0,1,0,0,0,0,0.0
e809e412-2ce1-397d-a371-be082533c0ec,0,0,0,0,0,0,0,0,0,0,0,1,0,0,0,0.0
e809e412-2ce1-397d-a371-be082533c0ec,0,0,0,0,0,0,0,0,0,0,0,0,1,0,0,0.0
fa3fc4a8-ef06-3174-958d-b1609e97cd03,1,0,0,0,0,0,0,0,0,0,0,0,0,0,0,0.0
fa3fc4a8-ef06-3174-958d-b1609e97cd03,0,1,0,0,0,0,0,0,0,0,0,0,0,0,0,0.0
fa3fc4a8-ef06-3174-958d-b1609e97cd03,0,0,1,0,0,0,0,0,0,0,0,0,0,0,0,0.0
fa3fc4a8-ef06-3174-958d-b1609e97cd03,0,0,0,1,0,0,0,0,0,0,0,0,0,0,0,0.0
fa3fc4a8-ef06-3174-958d-b1609e97cd03,0,0,0,0,1,0,0,0,0,0,0,0,0,0,0,0.0
fa3fc4a8-ef06-3174-958d-b1609e97cd03,0,0,0,0,0,1,0,0,0,0,0,0,0,0,0,0.0
fa3fc4a8-ef06-3174-958d-b1609e97cd03,0,0,0,0,0,0,1,0,0,0,0,0,0,0,0,0.0
fa3fc4a8-ef06-3174-958d-b1609e97cd03,0,0,0,0,0,0,0,1,0,0,0,0,0,0,0,0.0
fa3fc4a8-ef06-3174-958d-b1609e97cd03,0,0,0,0,0,0,0,0,1,0,0,0,0,0,0,0.0
fa3fc4a8-ef06-3174-958d-b1609e97cd03,0,0,0,0,0,0,0,0,0,1,0,0,0,0,0,0.0
fa3fc4a8-ef06-3174-958d-b1609e97cd03,0,0,0,0,0,0,0,0,0,0,1,0,0,0,0,0.0
fa3fc4a8-ef06-3174-958d-b1609e97cd03,0,0,0,0,0,0,0,0,0,0,0,1,0,0,0,0.0
fa3fc4a8-ef06-3174-958d-b1609e97cd03,0,0,0,0,0,0,0,0,0,0,0,0,1,0,0,0.0
fdc3c8d2-51d3-36cf-9a92-8329f1e4dd3f,1,0,0,0,0,0,0,0,0,0,0,0,0,0,0,0.0
fdc3c8d2-51d3-36cf-9a92-8329f1e4dd3f,0,1,0,0,0,0,0,0,0,0,0,0,0,0,0,0.0
fdc3c8d2-51d3-36cf-9a92-8329f1e4dd3f,0,0,1,0,0,0,0,0,0,0,0,0,0,0,0,0.0
fdc3c8d2-51d3-36cf-9a92-8329f1e4dd3f,0,0,0,1,0,0,0,0,0,0,0,0,0,0,0,0.0
fdc3c8d2-51d3-36cf-9a92-8329f1e4dd3f,0,0,0,0,1,0,0,0,0,0,0,0,0,0,0,-0.0171
fdc3c8d2-51d3-36cf-9a92-8329f1e4dd3f,0,0,0,0,0,1,0,0,0,0,0,0,0,0,0,0.0073
fdc3c8d2-51d3-36cf-9a92-8329f1e4dd3f,0,0,0,0,0,0,1,0,0,0,0,0,0,0,0,0.0
fdc3c8d2-51d3-36cf-9a92-8329f1e4dd3f,0,0,0,0,0,0,0,1,0,0,0,0,0,0,0,0.0
fdc3c8d2-51d3-36cf-9a92-8329f1e4dd3f,0,0,0,0,0,0,0,0,1,0,0,0,0,0,0,0.0
fdc3c8d2-51d3-36cf-9a92-8329f1e4dd3f,0,0,0,0,0,0,0,0,0,1,0,0,0,0,0,0.7753
fdc3c8d2-51d3-36cf-9a92-8329f1e4dd3f,0,0,0,0,0,0,0,0,0,0,1,0,0,0,0,-0.0237
fdc3c8d2-51d3-36cf-9a92-8329f1e4dd3f,0,0,0,0,0,0,0,0,0,0,0,1,0,0,0,0.0002
fdc3c8d2-51d3-36cf-9a92-8329f1e4dd3f,0,0,0,0,0,0,0,0,0,0,0,0,1,0,0,-0.0011
9a9acd70-2ca6-324a-b490-3fddf1678a4a,1,0,0,0,0,0,0,0,0,0,0,0,0,0,0,0.0
9a9acd70-2ca6-324a-b490-3fddf1678a4a,0,1,0,0,0,0,0,0,0,0,0,0,0,0,0,0.0
9a9acd70-2ca6-324a-b490-3fddf1678a4a,0,0,1,0,0,0,0,0,0,0,0,0,0,0,0,0.0
9a9acd70-2ca6-324a-b490-3fddf1678a4a,0,0,0,1,0,0,0,0,0,0,0,0,0,0,0,0.0
9a9acd70-2ca6-324a-b490-3fddf1678a4a,0,0,0,0,1,0,0,0,0,0,0,0,0,0,0,0.0
9a9acd70-2ca6-324a-b490-3fddf1678a4a,0,0,0,0,0,1,0,0,0,0,0,0,0,0,0,0.0
9a9acd70-2ca6-324a-b490-3fddf1678a4a,0,0,0,0,0,0,1,0,0,0,0,0,0,0,0,0.0
9a9acd70-2ca6-324a-b490-3fddf1678a4a,0,0,0,0,0,0,0,1,0,0,0,0,0,0,0,0.0
9a9acd70-2ca6-324a-b490-3fddf1678a4a,0,0,0,0,0,0,0,0,1,0,0,0,0,0,0,0.0
9a9acd70-2ca6-324a-b490-3fddf1678a4a,0,0,0,0,0,0,0,0,0,1,0,0,0,0,0,0.0
9a9acd70-2ca6-324a-b490-3fddf1678a4a,0,0,0,0,0,0,0,0,0,0,1,0,0,0,0,0.0
9a9acd70-2ca6-324a-b490-3fddf1678a4a,0,0,0,0,0,0,0,0,0,0,0,1,0,0,0,0.0
9a9acd70-2ca6-324a-b490-3fddf1678a4a,0,0,0,0,0,0,0,0,0,0,0,0,1,0,0,0.0
2dac75f4-92d7-3618-b9d0-134eeb49dd48,1,0,0,0,0,0,0,0,0,0,0,0,0,0,0,0.0
2dac75f4-92d7-3618-b9d0-134eeb49dd48,0,1,0,0,0,0,0,0,0,0,0,0,0,0,0,0.0
2dac75f4-92d7-3618-b9d0-134eeb49dd48,0,0,1,0,0,0,0,0,0,0,0,0,0,0,0,0.0
2dac75f4-92d7-3618-b9d0-134eeb49dd48,0,0,0,1,0,0,0,0,0,0,0,0,0,0,0,0.0
2dac75f4-92d7-3618-b9d0-134eeb49dd48,0,0,0,0,1,0,0,0,0,0,0,0,0,0,0,0.0
2dac75f4-92d7-3618-b9d0-134eeb49dd48,0,0,0,0,0,1,0,0,0,0,0,0,0,0,0,0.0
2dac75f4-92d7-3618-b9d0-134eeb49dd48,0,0,0,0,0,0,1,0,0,0,0,0,0,0,0,0.0
2dac75f4-92d7-3618-b9d0-134eeb49dd48,0,0,0,0,0,0,0,1,0,0,0,0,0,0,0,0.0
2dac75f4-92d7-3618-b9d0-134eeb49dd48,0,0,0,0,0,0,0,0,1,0,0,0,0,0,0,0.0
2dac75f4-92d7-3618-b9d0-134eeb49dd48,0,0,0,0,0,0,0,0,0,1,0,0,0,0,0,0.0
2dac75f4-92d7-3618-b9d0-134eeb49dd48,0,0,0,0,0,0,0,0,0,0,1,0,0,0,0,0.0001
2dac75f4-92d7-3618-b9d0-134eeb49dd48,0,0,0,0,0,0,0,0,0,0,0,1,0,0,0,0.0001
2dac75f4-92d7-3618-b9d0-134eeb49dd48,0,0,0,0,0,0,0,0,0,0,0,0,1,0,0,0.0001
18f1dda1-1597-3ceb-aa63-497c5a154d14,1,0,0,0,0,0,0,0,0,0,0,0,0,0,0,0.0
18f1dda1-1597-3ceb-aa63-497c5a154d14,0,1,0,0,0,0,0,0,0,0,0,0,0,0,0,0.0
18f1dda1-1597-3ceb-aa63-497c5a154d14,0,0,1,0,0,0,0,0,0,0,0,0,0,0,0,0.0
18f1dda1-1597-3ceb-aa63-497c5a154d14,0,0,0,1,0,0,0,0,0,0,0,0,0,0,0,0.0
18f1dda1-1597-3ceb-aa63-497c5a154d14,0,0,0,0,1,0,0,0,0,0,0,0,0,0,0,0.0
18f1dda1-1597-3ceb-aa63-497c5a154d14,0,0,0,0,0,1,0,0,0,0,0,0,0,0,0,0.0
18f1dda1-1597-3ceb-aa63-497c5a154d14,0,0,0,0,0,0,1,0,0,0,0,0,0,0,0,0.0
18f1dda1-1597-3ceb-aa63-497c5a154d14,0,0,0,0,0,0,0,1,0,0,0,0,0,0,0,0.0
18f1dda1-1597-3ceb-aa63-497c5a154d14,0,0,0,0,0,0,0,0,1,0,0,0,0,0,0,0.0
18f1dda1-1597-3ceb-aa63-497c5a154d14,0,0,0,0,0,0,0,0,0,1,0,0,0,0,0,0.0
18f1dda1-1597-3ceb-aa63-497c5a154d14,0,0,0,0,0,0,0,0,0,0,1,0,0,0,0,0.0
18f1dda1-1597-3ceb-aa63-497c5a154d14,0,0,0,0,0,0,0,0,0,0,0,1,0,0,0,0.0
18f1dda1-1597-3ceb-aa63-497c5a154d14,0,0,0,0,0,0,0,0,0,0,0,0,1,0,0,0.0
18d59a07-c93a-3cdc-ba46-327c1882f35e,1,0,0,0,0,0,0,0,0,0,0,0,0,0,0,0.0
18d59a07-c93a-3cdc-ba46-327c1882f35e,0,1,0,0,0,0,0,0,0,0,0,0,0,0,0,6.9513
18d59a07-c93a-3cdc-ba46-327c1882f35e,0,0,1,0,0,0,0,0,0,0,0,0,0,0,0,-6.9459
18d59a07-c93a-3cdc-ba46-327c1882f35e,0,0,0,1,0,0,0,0,0,0,0,0,0,0,0,-2.548
18d59a07-c93a-3cdc-ba46-327c1882f35e,0,0,0,0,1,0,0,0,0,0,0,0,0,0,0,120.6036
18d59a07-c93a-3cdc-ba46-327c1882f35e,0,0,0,0,0,1,0,0,0,0,0,0,0,0,0,-42.7765
18d59a07-c93a-3cdc-ba46-327c1882f35e,0,0,0,0,0,0,1,0,0,0,0,0,0,0,0,-34.8014
18d59a07-c93a-3cdc-ba46-327c1882f35e,0,0,0,0,0,0,0,1,0,0,0,0,0,0,0,-38.3449
18d59a07-c93a-3cdc-ba46-327c1882f35e,0,0,0,0,0,0,0,0,1,0,0,0,0,0,0,12.2684
18d59a07-c93a-3cdc-ba46-327c1882f35e,0,0,0,0,0,0,0,0,0,1,0,0,0,0,0,24.5985
18d59a07-c93a-3cdc-ba46-327c1882f35e,0,0,0,0,0,0,0,0,0,0,1,0,0,0,0,1.2879
18d59a07-c93a-3cdc-ba46-327c1882f35e,0,0,0,0,0,0,0,0,0,0,0,1,0,0,0,0.0652
18d59a07-c93a-3cdc-ba46-327c1882f35e,0,0,0,0,0,0,0,0,0,0,0,0,1,0,0,-0.0653
1bea521c-15d1-35ae-98ed-309e76804d04,1,0,0,0,0,0,0,0,0,0,0,0,0,0,0,0.0
1bea521c-15d1-35ae-98ed-309e76804d04,0,1,0,0,0,0,0,0,0,0,0,0,0,0,0,-4.1837
1bea521c-15d1-35ae-98ed-309e76804d04,0,0,1,0,0,0,0,0,0,0,0,0,0,0,0,4.1857
1bea521c-15d1-35ae-98ed-309e76804d04,0,0,0,1,0,0,0,0,0,0,0,0,0,0,0,0.0
1bea521c-15d1-35ae-98ed-309e76804d04,0,0,0,0,1,0,0,0,0,0,0,0,0,0,0,0.0
1bea521c-15d1-35ae-98ed-309e76804d04,0,0,0,0,0,1,0,0,0,0,0,0,0,0,0,0.0
1bea521c-15d1-35ae-98ed-309e76804d04,0,0,0,0,0,0,1,0,0,0,0,0,0,0,0,0.0
1bea521c-15d1-35ae-98ed-309e76804d04,0,0,0,0,0,0,0,1,0,0,0,0,0,0,0,0.0
1bea521c-15d1-35ae-98ed-309e76804d04,0,0,0,0,0,0,0,0,1,0,0,0,0,0,0,4.1996
1bea521c-15d1-35ae-98ed-309e76804d04,0,0,0,0,0,0,0,0,0,1,0,0,0,0,0,47.4481
1bea521c-15d1-35ae-98ed-309e76804d04,0,0,0,0,0,0,0,0,0,0,1,0,0,0,0,2.9303
1bea521c-15d1-35ae-98ed-309e76804d04,0,0,0,0,0,0,0,0,0,0,0,1,0,0,0,0.1586
1bea521c-15d1-35ae-98ed-309e76804d04,0,0,0,0,0,0,0,0,0,0,0,0,1,0,0,-0.0645
dbf7b28f-5d5a-3b54-8544-a50f006d6df3,1,0,0,0,0,0,0,0,0,0,0,0,0,0,0,0.0
dbf7b28f-5d5a-3b54-8544-a50f006d6df3,0,1,0,0,0,0,0,0,0,0,0,0,0,0,0,-0.0828
dbf7b28f-5d5a-3b54-8544-a50f006d6df3,0,0,1,0,0,0,0,0,0,0,0,0,0,0,0,0.0828
dbf7b28f-5d5a-3b54-8544-a50f006d6df3,0,0,0,1,0,0,0,0,0,0,0,0,0,0,0,0.0
dbf7b28f-5d5a-3b54-8544-a50f006d6df3,0,0,0,0,1,0,0,0,0,0,0,0,0,0,0,0.0
dbf7b28f-5d5a-3b54-8544-a50f006d6df3,0,0,0,0,0,1,0,0,0,0,0,0,0,0,0,0.0
dbf7b28f-5d5a-3b54-8544-a50f006d6df3,0,0,0,0,0,0,1,0,0,0,0,0,0,0,0,0.0
dbf7b28f-5d5a-3b54-8544-a50f006d6df3,0,0,0,0,0,0,0,1,0,0,0,0,0,0,0,0.0
dbf7b28f-5d5a-3b54-8544-a50f006d6df3,0,0,0,0,0,0,0,0,1,0,0,0,0,0,0,0.0
dbf7b28f-5d5a-3b54-8544-a50f006d6df3,0,0,0,0,0,0,0,0,0,1,0,0,0,0,0,0.036
dbf7b28f-5d5a-3b54-8544-a50f006d6df3,0,0,0,0,0,0,0,0,0,0,1,0,0,0,0,0.0116
dbf7b28f-5d5a-3b54-8544-a50f006d6df3,0,0,0,0,0,0,0,0,0,0,0,1,0,0,0,-0.0001
dbf7b28f-5d5a-3b54-8544-a50f006d6df3,0,0,0,0,0,0,0,0,0,0,0,0,1,0,0,-0.0006
620ec977-1f05-3655-bb20-ea6c4c943cbb,1,0,0,0,0,0,0,0,0,0,0,0,0,0,0,0.0
620ec977-1f05-3655-bb20-ea6c4c943cbb,0,1,0,0,0,0,0,0,0,0,0,0,0,0,0,0.0
620ec977-1f05-3655-bb20-ea6c4c943cbb,0,0,1,0,0,0,0,0,0,0,0,0,0,0,0,0.0
620ec977-1f05-3655-bb20-ea6c4c943cbb,0,0,0,1,0,0,0,0,0,0,0,0,0,0,0,0.0
620ec977-1f05-3655-bb20-ea6c4c943cbb,0,0,0,0,1,0,0,0,0,0,0,0,0,0,0,0.0
620ec977-1f05-3655-bb20-ea6c4c943cbb,0,0,0,0,0,1,0,0,0,0,0,0,0,0,0,0.0
620ec977-1f05-3655-bb20-ea6c4c943cbb,0,0,0,0,0,0,1,0,0,0,0,0,0,0,0,0.0
620ec977-1f05-3655-bb20-ea6c4c943cbb,0,0,0,0,0,0,0,1,0,0,0,0,0,0,0,0.0
620ec977-1f05-3655-bb20-ea6c4c943cbb,0,0,0,0,0,0,0,0,1,0,0,0,0,0,0,0.0
620ec977-1f05-3655-bb20-ea6c4c943cbb,0,0,0,0,0,0,0,0,0,1,0,0,0,0,0,0.0
620ec977-1f05-3655-bb20-ea6c4c943cbb,0,0,0,0,0,0,0,0,0,0,1,0,0,0,0,0.0
620ec977-1f05-3655-bb20-ea6c4c943cbb,0,0,0,0,0,0,0,0,0,0,0,1,0,0,0,0.0
620ec977-1f05-3655-bb20-ea6c4c943cbb,0,0,0,0,0,0,0,0,0,0,0,0,1,0,0,0.0
3513f6d8-bd97-3911-96a0-fdc96dd9f717,1,0,0,0,0,0,0,0,0,0,0,0,0,0,0,0.0
3513f6d8-bd97-3911-96a0-fdc96dd9f717,0,1,0,0,0,0,0,0,0,0,0,0,0,0,0,0.0
3513f6d8-bd97-3911-96a0-fdc96dd9f717,0,0,1,0,0,0,0,0,0,0,0,0,0,0,0,0.0
3513f6d8-bd97-3911-96a0-fdc96dd9f717,0,0,0,1,0,0,0,0,0,0,0,0,0,0,0,0.0
3513f6d8-bd97-3911-96a0-fdc96dd9f717,0,0,0,0,1,0,0,0,0,0,0,0,0,0,0,0.0
3513f6d8-bd97-3911-96a0-fdc96dd9f717,0,0,0,0,0,1,0,0,0,0,0,0,0,0,0,0.0
3513f6d8-bd97-3911-96a0-fdc96dd9f717,0,0,0,0,0,0,1,0,0,0,0,0,0,0,0,0.0
3513f6d8-bd97-3911-96a0-fdc96dd9f717,0,0,0,0,0,0,0,1,0,0,0,0,0,0,0,0.0
3513f6d8-bd97-3911-96a0-fdc96dd9f717,0,0,0,0,0,0,0,0,1,0,0,0,0,0,0,0.0
3513f6d8-bd97-3911-96a0-fdc96dd9f717,0,0,0,0,0,0,0,0,0,1,0,0,0,0,0,0.0
3513f6d8-bd97-3911-96a0-fdc96dd9f717,0,0,0,0,0,0,0,0,0,0,1,0,0,0,0,0.0
3513f6d8-bd97-3911-96a0-fdc96dd9f717,0,0,0,0,0,0,0,0,0,0,0,1,0,0,0,0.0
3513f6d8-bd97-3911-96a0-fdc96dd9f717,0,0,0,0,0,0,0,0,0,0,0,0,1,0,0,0.0
17a756df-2aaf-3748-ab3c-3440eb014721,1,0,0,0,0,0,0,0,0,0,0,0,0,0,0,0.0
17a756df-2aaf-3748-ab3c-3440eb014721,0,1,0,0,0,0,0,0,0,0,0,0,0,0,0,0.0
17a756df-2aaf-3748-ab3c-3440eb014721,0,0,1,0,0,0,0,0,0,0,0,0,0,0,0,0.0
17a756df-2aaf-3748-ab3c-3440eb014721,0,0,0,1,0,0,0,0,0,0,0,0,0,0,0,0.0
17a756df-2aaf-3748-ab3c-3440eb014721,0,0,0,0,1,0,0,0,0,0,0,0,0,0,0,0.0
17a756df-2aaf-3748-ab3c-3440eb014721,0,0,0,0,0,1,0,0,0,0,0,0,0,0,0,0.0
17a756df-2aaf-3748-ab3c-3440eb014721,0,0,0,0,0,0,1,0,0,0,0,0,0,0,0,0.0
17a756df-2aaf-3748-ab3c-3440eb014721,0,0,0,0,0,0,0,1,0,0,0,0,0,0,0,0.0
17a756df-2aaf-3748-ab3c-3440eb014721,0,0,0,0,0,0,0,0,1,0,0,0,0,0,0,0.0
17a756df-2aaf-3748-ab3c-3440eb014721,0,0,0,0,0,0,0,0,0,1,0,0,0,0,0,0.0
17a756df-2aaf-3748-ab3c-3440eb014721,0,0,0,0,0,0,0,0,0,0,1,0,0,0,0,0.0
17a756df-2aaf-3748-ab3c-3440eb014721,0,0,0,0,0,0,0,0,0,0,0,1,0,0,0,0.0
17a756df-2aaf-3748-ab3c-3440eb014721,0,0,0,0,0,0,0,0,0,0,0,0,1,0,0,0.0
af1373f3-c71e-3585-bc9f-35d6f3b018b5,1,0,0,0,0,0,0,0,0,0,0,0,0,0,0,0.0
af1373f3-c71e-3585-bc9f-35d6f3b018b5,0,1,0,0,0,0,0,0,0,0,0,0,0,0,0,0.0
af1373f3-c71e-3585-bc9f-35d6f3b018b5,0,0,1,0,0,0,0,0,0,0,0,0,0,0,0,0.0
af1373f3-c71e-3585-bc9f-35d6f3b018b5,0,0,0,1,0,0,0,0,0,0,0,0,0,0,0,0.0
af1373f3-c71e-3585-bc9f-35d6f3b018b5,0,0,0,0,1,0,0,0,0,0,0,0,0,0,0,0.0
af1373f3-c71e-3585-bc9f-35d6f3b018b5,0,0,0,0,0,1,0,0,0,0,0,0,0,0,0,0.0
af1373f3-c71e-3585-bc9f-35d6f3b018b5,0,0,0,0,0,0,1,0,0,0,0,0,0,0,0,0.0
af1373f3-c71e-3585-bc9f-35d6f3b018b5,0,0,0,0,0,0,0,1,0,0,0,0,0,0,0,0.0
af1373f3-c71e-3585-bc9f-35d6f3b018b5,0,0,0,0,0,0,0,0,1,0,0,0,0,0,0,0.0
af1373f3-c71e-3585-bc9f-35d6f3b018b5,0,0,0,0,0,0,0,0,0,1,0,0,0,0,0,0.0
af1373f3-c71e-3585-bc9f-35d6f3b018b5,0,0,0,0,0,0,0,0,0,0,1,0,0,0,0,-0.0002
af1373f3-c71e-3585-bc9f-35d6f3b018b5,0,0,0,0,0,0,0,0,0,0,0,1,0,0,0,-0.0001
af1373f3-c71e-3585-bc9f-35d6f3b018b5,0,0,0,0,0,0,0,0,0,0,0,0,1,0,0,-0.0001
c067a385-e344-3a69-87eb-37e184365e09,1,0,0,0,0,0,0,0,0,0,0,0,0,0,0,0.0
c067a385-e344-3a69-87eb-37e184365e09,0,1,0,0,0,0,0,0,0,0,0,0,0,0,0,0.0
c067a385-e344-3a69-87eb-37e184365e09,0,0,1,0,0,0,0,0,0,0,0,0,0,0,0,0.0
c067a385-e344-3a69-87eb-37e184365e09,0,0,0,1,0,0,0,0,0,0,0,0,0,0,0,0.0
c067a385-e344-3a69-87eb-37e184365e09,0,0,0,0,1,0,0,0,0,0,0,0,0,0,0,0.0
c067a385-e344-3a69-87eb-37e184365e09,0,0,0,0,0,1,0,0,0,0,0,0,0,0,0,0.0
c067a385-e344-3a69-87eb-37e184365e09,0,0,0,0,0,0,1,0,0,0,0,0,0,0,0,0.0
c067a385-e344-3a69-87eb-37e184365e09,0,0,0,0,0,0,0,1,0,0,0,0,0,0,0,0.0
c067a385-e344-3a69-87eb-37e184365e09,0,0,0,0,0,0,0,0,1,0,0,0,0,0,0,0.0
c067a385-e344-3a69-87eb-37e184365e09,0,0,0,0,0,0,0,0,0,1,0,0,0,0,0,0.0
c067a385-e344-3a69-87eb-37e184365e09,0,0,0,0,0,0,0,0,0,0,1,0,0,0,0,-0.0001
c067a385-e344-3a69-87eb-37e184365e09,0,0,0,0,0,0,0,0,0,0,0,1,0,0,0,0.0
c067a385-e344-3a69-87eb-37e184365e09,0,0,0,0,0,0,0,0,0,0,0,0,1,0,0,0.0001
29f2a71c-302a-327d-814f-729ae6b92a2c,1,0,0,0,0,0,0,0,0,0,0,0,0,0,0,0.0
29f2a71c-302a-327d-814f-729ae6b92a2c,0,1,0,0,0,0,0,0,0,0,0,0,0,0,0,0.0
29f2a71c-302a-327d-814f-729ae6b92a2c,0,0,1,0,0,0,0,0,0,0,0,0,0,0,0,0.0
29f2a71c-302a-327d-814f-729ae6b92a2c,0,0,0,1,0,0,0,0,0,0,0,0,0,0,0,0.0
29f2a71c-302a-327d-814f-729ae6b92a2c,0,0,0,0,1,0,0,0,0,0,0,0,0,0,0,0.0
29f2a71c-302a-327d-814f-729ae6b92a2c,0,0,0,0,0,1,0,0,0,0,0,0,0,0,0,0.0
29f2a71c-302a-327d-814f-729ae6b92a2c,0,0,0,0,0,0,1,0,0,0,0,0,0,0,0,0.0
29f2a71c-302a-327d-814f-729ae6b92a2c,0,0,0,0,0,0,0,1,0,0,0,0,0,0,0,0.0
29f2a71c-302a-327d-814f-729ae6b92a2c,0,0,0,0,0,0,0,0,1,0,0,0,0,0,0,0.0
29f2a71c-302a-327d-814f-729ae6b92a2c,0,0,0,0,0,0,0,0,0,1,0,0,0,0,0,0.0
29f2a71c-302a-327d-814f-729ae6b92a2c,0,0,0,0,0,0,0,0,0,0,1,0,0,0,0,0.0
29f2a71c-302a-327d-814f-729ae6b92a2c,0,0,0,0,0,0,0,0,0,0,0,1,0,0,0,0.0
29f2a71c-302a-327d-814f-729ae6b92a2c,0,0,0,0,0,0,0,0,0,0,0,0,1,0,0,0.0
3373963d-8bd6-3f8a-9dfd-837c2b0de81f,1,0,0,0,0,0,0,0,0,0,0,0,0,0,0,0.0
3373963d-8bd6-3f8a-9dfd-837c2b0de81f,0,1,0,0,0,0,0,0,0,0,0,0,0,0,0,0.0
3373963d-8bd6-3f8a-9dfd-837c2b0de81f,0,0,1,0,0,0,0,0,0,0,0,0,0,0,0,0.0
3373963d-8bd6-3f8a-9dfd-837c2b0de81f,0,0,0,1,0,0,0,0,0,0,0,0,0,0,0,0.0
3373963d-8bd6-3f8a-9dfd-837c2b0de81f,0,0,0,0,1,0,0,0,0,0,0,0,0,0,0,0.0
3373963d-8bd6-3f8a-9dfd-837c2b0de81f,0,0,0,0,0,1,0,0,0,0,0,0,0,0,0,0.0
3373963d-8bd6-3f8a-9dfd-837c2b0de81f,0,0,0,0,0,0,1,0,0,0,0,0,0,0,0,0.0
3373963d-8bd6-3f8a-9dfd-837c2b0de81f,0,0,0,0,0,0,0,1,0,0,0,0,0,0,0,0.0
3373963d-8bd6-3f8a-9dfd-837c2b0de81f,0,0,0,0,0,0,0,0,1,0,0,0,0,0,0,0.0
3373963d-8bd6-3f8a-9dfd-837c2b0de81f,0,0,0,0,0,0,0,0,0,1,0,0,0,0,0,0.0
3373963d-8bd6-3f8a-9dfd-837c2b0de81f,0,0,0,0,0,0,0,0,0,0,1,0,0,0,0,0.0
3373963d-8bd6-3f8a-9dfd-837c2b0de81f,0,0,0,0,0,0,0,0,0,0,0,1,0,0,0,0.0
3373963d-8bd6-3f8a-9dfd-837c2b0de81f,0,0,0,0,0,0,0,0,0,0,0,0,1,0,0,0.0
f21495f6-c4a6-3d68-82e1-32be7a956635,1,0,0,0,0,0,0,0,0,0,0,0,0,0,0,0.0
f21495f6-c4a6-3d68-82e1-32be7a956635,0,1,0,0,0,0,0,0,0,0,0,0,0,0,0,0.0
f21495f6-c4a6-3d68-82e1-32be7a956635,0,0,1,0,0,0,0,0,0,0,0,0,0,0,0,0.0
f21495f6-c4a6-3d68-82e1-32be7a956635,0,0,0,1,0,0,0,0,0,0,0,0,0,0,0,0.0
f21495f6-c4a6-3d68-82e1-32be7a956635,0,0,0,0,1,0,0,0,0,0,0,0,0,0,0,0.0
f21495f6-c4a6-3d68-82e1-32be7a956635,0,0,0,0,0,1,0,0,0,0,0,0,0,0,0,0.0
f21495f6-c4a6-3d68-82e1-32be7a956635,0,0,0,0,0,0,1,0,0,0,0,0,0,0,0,0.0
f21495f6-c4a6-3d68-82e1-32be7a956635,0,0,0,0,0,0,0,1,0,0,0,0,0,0,0,0.0
f21495f6-c4a6-3d68-82e1-32be7a956635,0,0,0,0,0,0,0,0,1,0,0,0,0,0,0,0.0
f21495f6-c4a6-3d68-82e1-32be7a956635,0,0,0,0,0,0,0,0,0,1,0,0,0,0,0,0.0
f21495f6-c4a6-3d68-82e1-32be7a956635,0,0,0,0,0,0,0,0,0,0,1,0,0,0,0,0.0
f21495f6-c4a6-3d68-82e1-32be7a956635,0,0,0,0,0,0,0,0,0,0,0,1,0,0,0,0.0
f21495f6-c4a6-3d68-82e1-32be7a956635,0,0,0,0,0,0,0,0,0,0,0,0,1,0,0,0.0
187baf2d-35f4-3235-8aa2-1cc93d1730d2,1,0,0,0,0,0,0,0,0,0,0,0,0,0,0,0.0
187baf2d-35f4-3235-8aa2-1cc93d1730d2,0,1,0,0,0,0,0,0,0,0,0,0,0,0,0,0.0
187baf2d-35f4-3235-8aa2-1cc93d1730d2,0,0,1,0,0,0,0,0,0,0,0,0,0,0,0,0.0
187baf2d-35f4-3235-8aa2-1cc93d1730d2,0,0,0,1,0,0,0,0,0,0,0,0,0,0,0,0.0
187baf2d-35f4-3235-8aa2-1cc93d1730d2,0,0,0,0,1,0,0,0,0,0,0,0,0,0,0,0.0
187baf2d-35f4-3235-8aa2-1cc93d1730d2,0,0,0,0,0,1,0,0,0,0,0,0,0,0,0,0.0
187baf2d-35f4-3235-8aa2-1cc93d1730d2,0,0,0,0,0,0,1,0,0,0,0,0,0,0,0,0.0
187baf2d-35f4-3235-8aa2-1cc93d1730d2,0,0,0,0,0,0,0,1,0,0,0,0,0,0,0,0.0
187baf2d-35f4-3235-8aa2-1cc93d1730d2,0,0,0,0,0,0,0,0,1,0,0,0,0,0,0,0.0
187baf2d-35f4-3235-8aa2-1cc93d1730d2,0,0,0,0,0,0,0,0,0,1,0,0,0,0,0,0.3512
187baf2d-35f4-3235-8aa2-1cc93d1730d2,0,0,0,0,0,0,0,0,0,0,1,0,0,0,0,-0.0147
187baf2d-35f4-3235-8aa2-1cc93d1730d2,0,0,0,0,0,0,0,0,0,0,0,1,0,0,0,-0.0007
187baf2d-35f4-3235-8aa2-1cc93d1730d2,0,0,0,0,0,0,0,0,0,0,0,0,1,0,0,-0.0034
1622ee1d-e112-3dd5-b627-a892439a7b6f,1,0,0,0,0,0,0,0,0,0,0,0,0,0,0,0.0
1622ee1d-e112-3dd5-b627-a892439a7b6f,0,1,0,0,0,0,0,0,0,0,0,0,0,0,0,0.0
1622ee1d-e112-3dd5-b627-a892439a7b6f,0,0,1,0,0,0,0,0,0,0,0,0,0,0,0,0.0
1622ee1d-e112-3dd5-b627-a892439a7b6f,0,0,0,1,0,0,0,0,0,0,0,0,0,0,0,0.0
1622ee1d-e112-3dd5-b627-a892439a7b6f,0,0,0,0,1,0,0,0,0,0,0,0,0,0,0,0.0
1622ee1d-e112-3dd5-b627-a892439a7b6f,0,0,0,0,0,1,0,0,0,0,0,0,0,0,0,0.0
1622ee1d-e112-3dd5-b627-a892439a7b6f,0,0,0,0,0,0,1,0,0,0,0,0,0,0,0,0.0
1622ee1d-e112-3dd5-b627-a892439a7b6f,0,0,0,0,0,0,0,1,0,0,0,0,0,0,0,0.0
1622ee1d-e112-3dd5-b627-a892439a7b6f,0,0,0,0,0,0,0,0,1,0,0,0,0,0,0,0.0
1622ee1d-e112-3dd5-b627-a892439a7b6f,0,0,0,0,0,0,0,0,0,1,0,0,0,0,0,0.0577
1622ee1d-e112-3dd5-b627-a892439a7b6f,0,0,0,0,0,0,0,0,0,0,1,0,0,0,0,-0.002
1622ee1d-e112-3dd5-b627-a892439a7b6f,0,0,0,0,0,0,0,0,0,0,0,1,0,0,0,0.0004
1622ee1d-e112-3dd5-b627-a892439a7b6f,0,0,0,0,0,0,0,0,0,0,0,0,1,0,0,-0.0008
b7815a0f-1ad3-3f2b-8f4e-719fdfb9bb45,1,0,0,0,0,0,0,0,0,0,0,0,0,0,0,0.0
b7815a0f-1ad3-3f2b-8f4e-719fdfb9bb45,0,1,0,0,0,0,0,0,0,0,0,0,0,0,0,0.0
b7815a0f-1ad3-3f2b-8f4e-719fdfb9bb45,0,0,1,0,0,0,0,0,0,0,0,0,0,0,0,0.0
b7815a0f-1ad3-3f2b-8f4e-719fdfb9bb45,0,0,0,1,0,0,0,0,0,0,0,0,0,0,0,0.0
b7815a0f-1ad3-3f2b-8f4e-719fdfb9bb45,0,0,0,0,1,0,0,0,0,0,0,0,0,0,0,0.0
b7815a0f-1ad3-3f2b-8f4e-719fdfb9bb45,0,0,0,0,0,1,0,0,0,0,0,0,0,0,0,0.0
b7815a0f-1ad3-3f2b-8f4e-719fdfb9bb45,0,0,0,0,0,0,1,0,0,0,0,0,0,0,0,0.0
b7815a0f-1ad3-3f2b-8f4e-719fdfb9bb45,0,0,0,0,0,0,0,1,0,0,0,0,0,0,0,0.0
b7815a0f-1ad3-3f2b-8f4e-719fdfb9bb45,0,0,0,0,0,0,0,0,1,0,0,0,0,0,0,0.0
b7815a0f-1ad3-3f2b-8f4e-719fdfb9bb45,0,0,0,0,0,0,0,0,0,1,0,0,0,0,0,0.0
b7815a0f-1ad3-3f2b-8f4e-719fdfb9bb45,0,0,0,0,0,0,0,0,0,0,1,0,0,0,0,0.0001
b7815a0f-1ad3-3f2b-8f4e-719fdfb9bb45,0,0,0,0,0,0,0,0,0,0,0,1,0,0,0,0.0001
b7815a0f-1ad3-3f2b-8f4e-719fdfb9bb45,0,0,0,0,0,0,0,0,0,0,0,0,1,0,0,0.0002
afa606df-37d2-3cf8-bc76-3841d98f502a,1,0,0,0,0,0,0,0,0,0,0,0,0,0,0,0.0
afa606df-37d2-3cf8-bc76-3841d98f502a,0,1,0,0,0,0,0,0,0,0,0,0,0,0,0,0.0
afa606df-37d2-3cf8-bc76-3841d98f502a,0,0,1,0,0,0,0,0,0,0,0,0,0,0,0,0.0
afa606df-37d2-3cf8-bc76-3841d98f502a,0,0,0,1,0,0,0,0,0,0,0,0,0,0,0,0.0
afa606df-37d2-3cf8-bc76-3841d98f502a,0,0,0,0,1,0,0,0,0,0,0,0,0,0,0,0.0
afa606df-37d2-3cf8-bc76-3841d98f502a,0,0,0,0,0,1,0,0,0,0,0,0,0,0,0,0.0
afa606df-37d2-3cf8-bc76-3841d98f502a,0,0,0,0,0,0,1,0,0,0,0,0,0,0,0,0.0
afa606df-37d2-3cf8-bc76-3841d98f502a,0,0,0,0,0,0,0,1,0,0,0,0,0,0,0,0.0
afa606df-37d2-3cf8-bc76-3841d98f502a,0,0,0,0,0,0,0,0,1,0,0,0,0,0,0,0.0
afa606df-37d2-3cf8-bc76-3841d98f502a,0,0,0,0,0,0,0,0,0,1,0,0,0,0,0,0.0
afa606df-37d2-3cf8-bc76-3841d98f502a,0,0,0,0,0,0,0,0,0,0,1,0,0,0,0,0.0
afa606df-37d2-3cf8-bc76-3841d98f502a,0,0,0,0,0,0,0,0,0,0,0,1,0,0,0,0.0
afa606df-37d2-3cf8-bc76-3841d98f502a,0,0,0,0,0,0,0,0,0,0,0,0,1,0,0,0.0
b4fb6aee-575f-34cf-80fa-956e1c4c5d5f,1,0,0,0,0,0,0,0,0,0,0,0,0,0,0,0.0
b4fb6aee-575f-34cf-80fa-956e1c4c5d5f,0,1,0,0,0,0,0,0,0,0,0,0,0,0,0,0.0
b4fb6aee-575f-34cf-80fa-956e1c4c5d5f,0,0,1,0,0,0,0,0,0,0,0,0,0,0,0,0.0
b4fb6aee-575f-34cf-80fa-956e1c4c5d5f,0,0,0,1,0,0,0,0,0,0,0,0,0,0,0,0.0
b4fb6aee-575f-34cf-80fa-956e1c4c5d5f,0,0,0,0,1,0,0,0,0,0,0,0,0,0,0,0.0
b4fb6aee-575f-34cf-80fa-956e1c4c5d5f,0,0,0,0,0,1,0,0,0,0,0,0,0,0,0,0.0
b4fb6aee-575f-34cf-80fa-956e1c4c5d5f,0,0,0,0,0,0,1,0,0,0,0,0,0,0,0,0.0
b4fb6aee-575f-34cf-80fa-956e1c4c5d5f,0,0,0,0,0,0,0,1,0,0,0,0,0,0,0,0.0
b4fb6aee-575f-34cf-80fa-956e1c4c5d5f,0,0,0,0,0,0,0,0,1,0,0,0,0,0,0,0.0
b4fb6aee-575f-34cf-80fa-956e1c4c5d5f,0,0,0,0,0,0,0,0,0,1,0,0,0,0,0,0.0
b4fb6aee-575f-34cf-80fa-956e1c4c5d5f,0,0,0,0,0,0,0,0,0,0,1,0,0,0,0,0.0
b4fb6aee-575f-34cf-80fa-956e1c4c5d5f,0,0,0,0,0,0,0,0,0,0,0,1,0,0,0,0.0
b4fb6aee-575f-34cf-80fa-956e1c4c5d5f,0,0,0,0,0,0,0,0,0,0,0,0,1,0,0,0.0
2f483edd-5a14-3d54-9367-88d13b5a10b9,1,0,0,0,0,0,0,0,0,0,0,0,0,0,0,0.0
2f483edd-5a14-3d54-9367-88d13b5a10b9,0,1,0,0,0,0,0,0,0,0,0,0,0,0,0,11535.631
2f483edd-5a14-3d54-9367-88d13b5a10b9,0,0,1,0,0,0,0,0,0,0,0,0,0,0,0,-11535.631
2f483edd-5a14-3d54-9367-88d13b5a10b9,0,0,0,1,0,0,0,0,0,0,0,0,0,0,0,0.0
2f483edd-5a14-3d54-9367-88d13b5a10b9,0,0,0,0,1,0,0,0,0,0,0,0,0,0,0,0.0
2f483edd-5a14-3d54-9367-88d13b5a10b9,0,0,0,0,0,1,0,0,0,0,0,0,0,0,0,0.0
2f483edd-5a14-3d54-9367-88d13b5a10b9,0,0,0,0,0,0,1,0,0,0,0,0,0,0,0,0.0
2f483edd-5a14-3d54-9367-88d13b5a10b9,0,0,0,0,0,0,0,1,0,0,0,0,0,0,0,0.0
2f483edd-5a14-3d54-9367-88d13b5a10b9,0,0,0,0,0,0,0,0,1,0,0,0,0,0,0,-11535.631
2f483edd-5a14-3d54-9367-88d13b5a10b9,0,0,0,0,0,0,0,0,0,1,0,0,0,0,0,11268.7375
2f483edd-5a14-3d54-9367-88d13b5a10b9,0,0,0,0,0,0,0,0,0,0,1,0,0,0,0,570.2784
2f483edd-5a14-3d54-9367-88d13b5a10b9,0,0,0,0,0,0,0,0,0,0,0,1,0,0,0,32.9774
2f483edd-5a14-3d54-9367-88d13b5a10b9,0,0,0,0,0,0,0,0,0,0,0,0,1,0,0,-33.1839
38501e2e-8aca-3c6d-bc7a-04d5d1daa2f3,1,0,0,0,0,0,0,0,0,0,0,0,0,0,0,0.0
38501e2e-8aca-3c6d-bc7a-04d5d1daa2f3,0,1,0,0,0,0,0,0,0,0,0,0,0,0,0,0.0
38501e2e-8aca-3c6d-bc7a-04d5d1daa2f3,0,0,1,0,0,0,0,0,0,0,0,0,0,0,0,0.0
38501e2e-8aca-3c6d-bc7a-04d5d1daa2f3,0,0,0,1,0,0,0,0,0,0,0,0,0,0,0,0.0
38501e2e-8aca-3c6d-bc7a-04d5d1daa2f3,0,0,0,0,1,0,0,0,0,0,0,0,0,0,0,0.0
38501e2e-8aca-3c6d-bc7a-04d5d1daa2f3,0,0,0,0,0,1,0,0,0,0,0,0,0,0,0,0.0
38501e2e-8aca-3c6d-bc7a-04d5d1daa2f3,0,0,0,0,0,0,1,0,0,0,0,0,0,0,0,0.0
38501e2e-8aca-3c6d-bc7a-04d5d1daa2f3,0,0,0,0,0,0,0,1,0,0,0,0,0,0,0,0.0
38501e2e-8aca-3c6d-bc7a-04d5d1daa2f3,0,0,0,0,0,0,0,0,1,0,0,0,0,0,0,0.0
38501e2e-8aca-3c6d-bc7a-04d5d1daa2f3,0,0,0,0,0,0,0,0,0,1,0,0,0,0,0,0.5301
38501e2e-8aca-3c6d-bc7a-04d5d1daa2f3,0,0,0,0,0,0,0,0,0,0,1,0,0,0,0,0.0989
38501e2e-8aca-3c6d-bc7a-04d5d1daa2f3,0,0,0,0,0,0,0,0,0,0,0,1,0,0,0,-0.0015
38501e2e-8aca-3c6d-bc7a-04d5d1daa2f3,0,0,0,0,0,0,0,0,0,0,0,0,1,0,0,0.0018
b2b349be-6276-30fa-8660-fe96978a6775,1,0,0,0,0,0,0,0,0,0,0,0,0,0,0,0.0
b2b349be-6276-30fa-8660-fe96978a6775,0,1,0,0,0,0,0,0,0,0,0,0,0,0,0,0.0
b2b349be-6276-30fa-8660-fe96978a6775,0,0,1,0,0,0,0,0,0,0,0,0,0,0,0,0.0
b2b349be-6276-30fa-8660-fe96978a6775,0,0,0,1,0,0,0,0,0,0,0,0,0,0,0,0.0
b2b349be-6276-30fa-8660-fe96978a6775,0,0,0,0,1,0,0,0,0,0,0,0,0,0,0,0.0
b2b349be-6276-30fa-8660-fe96978a6775,0,0,0,0,0,1,0,0,0,0,0,0,0,0,0,0.0
b2b349be-6276-30fa-8660-fe96978a6775,0,0,0,0,0,0,1,0,0,0,0,0,0,0,0,0.0
b2b349be-6276-30fa-8660-fe96978a6775,0,0,0,0,0,0,0,1,0,0,0,0,0,0,0,0.0
b2b349be-6276-30fa-8660-fe96978a6775,0,0,0,0,0,0,0,0,1,0,0,0,0,0,0,0.0
b2b349be-6276-30fa-8660-fe96978a6775,0,0,0,0,0,0,0,0,0,1,0,0,0,0,0,0.0
b2b349be-6276-30fa-8660-fe96978a6775,0,0,0,0,0,0,0,0,0,0,1,0,0,0,0,0.0
b2b349be-6276-30fa-8660-fe96978a6775,0,0,0,0,0,0,0,0,0,0,0,1,0,0,0,0.0
b2b349be-6276-30fa-8660-fe96978a6775,0,0,0,0,0,0,0,0,0,0,0,0,1,0,0,0.0
4fa7b611-9689-3194-b51a-4f19053a5672,1,0,0,0,0,0,0,0,0,0,0,0,0,0,0,0.0
4fa7b611-9689-3194-b51a-4f19053a5672,0,1,0,0,0,0,0,0,0,0,0,0,0,0,0,0.0
4fa7b611-9689-3194-b51a-4f19053a5672,0,0,1,0,0,0,0,0,0,0,0,0,0,0,0,0.0
4fa7b611-9689-3194-b51a-4f19053a5672,0,0,0,1,0,0,0,0,0,0,0,0,0,0,0,0.0
4fa7b611-9689-3194-b51a-4f19053a5672,0,0,0,0,1,0,0,0,0,0,0,0,0,0,0,0.0
4fa7b611-9689-3194-b51a-4f19053a5672,0,0,0,0,0,1,0,0,0,0,0,0,0,0,0,0.0
4fa7b611-9689-3194-b51a-4f19053a5672,0,0,0,0,0,0,1,0,0,0,0,0,0,0,0,0.0
4fa7b611-9689-3194-b51a-4f19053a5672,0,0,0,0,0,0,0,1,0,0,0,0,0,0,0,0.0
4fa7b611-9689-3194-b51a-4f19053a5672,0,0,0,0,0,0,0,0,1,0,0,0,0,0,0,0.0
4fa7b611-9689-3194-b51a-4f19053a5672,0,0,0,0,0,0,0,0,0,1,0,0,0,0,0,0.0
4fa7b611-9689-3194-b51a-4f19053a5672,0,0,0,0,0,0,0,0,0,0,1,0,0,0,0,0.0
4fa7b611-9689-3194-b51a-4f19053a5672,0,0,0,0,0,0,0,0,0,0,0,1,0,0,0,0.0
4fa7b611-9689-3194-b51a-4f19053a5672,0,0,0,0,0,0,0,0,0,0,0,0,1,0,0,0.0
6d0e318c-cfd9-307c-8774-b3bf4eba0977,1,0,0,0,0,0,0,0,0,0,0,0,0,0,0,0.0
6d0e318c-cfd9-307c-8774-b3bf4eba0977,0,1,0,0,0,0,0,0,0,0,0,0,0,0,0,0.0
6d0e318c-cfd9-307c-8774-b3bf4eba0977,0,0,1,0,0,0,0,0,0,0,0,0,0,0,0,0.0
6d0e318c-cfd9-307c-8774-b3bf4eba0977,0,0,0,1,0,0,0,0,0,0,0,0,0,0,0,0.0
6d0e318c-cfd9-307c-8774-b3bf4eba0977,0,0,0,0,1,0,0,0,0,0,0,0,0,0,0,0.0
6d0e318c-cfd9-307c-8774-b3bf4eba0977,0,0,0,0,0,1,0,0,0,0,0,0,0,0,0,0.0
6d0e318c-cfd9-307c-8774-b3bf4eba0977,0,0,0,0,0,0,1,0,0,0,0,0,0,0,0,0.0
6d0e318c-cfd9-307c-8774-b3bf4eba0977,0,0,0,0,0,0,0,1,0,0,0,0,0,0,0,0.0
6d0e318c-cfd9-307c-8774-b3bf4eba0977,0,0,0,0,0,0,0,0,1,0,0,0,0,0,0,0.0
6d0e318c-cfd9-307c-8774-b3bf4eba0977,0,0,0,0,0,0,0,0,0,1,0,0,0,0,0,0.0
6d0e318c-cfd9-307c-8774-b3bf4eba0977,0,0,0,0,0,0,0,0,0,0,1,0,0,0,0,0.0
6d0e318c-cfd9-307c-8774-b3bf4eba0977,0,0,0,0,0,0,0,0,0,0,0,1,0,0,0,0.0
6d0e318c-cfd9-307c-8774-b3bf4eba0977,0,0,0,0,0,0,0,0,0,0,0,0,1,0,0,0.0
946788c0-4dff-3584-a853-3c76b59ab994,1,0,0,0,0,0,0,0,0,0,0,0,0,0,0,0.0
946788c0-4dff-3584-a853-3c76b59ab994,0,1,0,0,0,0,0,0,0,0,0,0,0,0,0,0.0
946788c0-4dff-3584-a853-3c76b59ab994,0,0,1,0,0,0,0,0,0,0,0,0,0,0,0,0.0
946788c0-4dff-3584-a853-3c76b59ab994,0,0,0,1,0,0,0,0,0,0,0,0,0,0,0,0.0
946788c0-4dff-3584-a853-3c76b59ab994,0,0,0,0,1,0,0,0,0,0,0,0,0,0,0,0.0
946788c0-4dff-3584-a853-3c76b59ab994,0,0,0,0,0,1,0,0,0,0,0,0,0,0,0,0.0
946788c0-4dff-3584-a853-3c76b59ab994,0,0,0,0,0,0,1,0,0,0,0,0,0,0,0,0.0
946788c0-4dff-3584-a853-3c76b59ab994,0,0,0,0,0,0,0,1,0,0,0,0,0,0,0,0.0
946788c0-4dff-3584-a853-3c76b59ab994,0,0,0,0,0,0,0,0,1,0,0,0,0,0,0,0.0
946788c0-4dff-3584-a853-3c76b59ab994,0,0,0,0,0,0,0,0,0,1,0,0,0,0,0,-0.0139
946788c0-4dff-3584-a853-3c76b59ab994,0,0,0,0,0,0,0,0,0,0,1,0,0,0,0,0.0215
946788c0-4dff-3584-a853-3c76b59ab994,0,0,0,0,0,0,0,0,0,0,0,1,0,0,0,0.0006
946788c0-4dff-3584-a853-3c76b59ab994,0,0,0,0,0,0,0,0,0,0,0,0,1,0,0,0.0002
06c3ae5c-e391-3941-b226-74b143ba1b7e,1,0,0,0,0,0,0,0,0,0,0,0,0,0,0,0.0
06c3ae5c-e391-3941-b226-74b143ba1b7e,0,1,0,0,0,0,0,0,0,0,0,0,0,0,0,11.263
06c3ae5c-e391-3941-b226-74b143ba1b7e,0,0,1,0,0,0,0,0,0,0,0,0,0,0,0,-11.2555
06c3ae5c-e391-3941-b226-74b143ba1b7e,0,0,0,1,0,0,0,0,0,0,0,0,0,0,0,0.0
06c3ae5c-e391-3941-b226-74b143ba1b7e,0,0,0,0,1,0,0,0,0,0,0,0,0,0,0,0.0
06c3ae5c-e391-3941-b226-74b143ba1b7e,0,0,0,0,0,1,0,0,0,0,0,0,0,0,0,-3.037
06c3ae5c-e391-3941-b226-74b143ba1b7e,0,0,0,0,0,0,1,0,0,0,0,0,0,0,0,0.0
06c3ae5c-e391-3941-b226-74b143ba1b7e,0,0,0,0,0,0,0,1,0,0,0,0,0,0,0,3.815
06c3ae5c-e391-3941-b226-74b143ba1b7e,0,0,0,0,0,0,0,0,1,0,0,0,0,0,0,0.0
06c3ae5c-e391-3941-b226-74b143ba1b7e,0,0,0,0,0,0,0,0,0,1,0,0,0,0,0,30.503
06c3ae5c-e391-3941-b226-74b143ba1b7e,0,0,0,0,0,0,0,0,0,0,1,0,0,0,0,2.1364
06c3ae5c-e391-3941-b226-74b143ba1b7e,0,0,0,0,0,0,0,0,0,0,0,1,0,0,0,0.0184
06c3ae5c-e391-3941-b226-74b143ba1b7e,0,0,0,0,0,0,0,0,0,0,0,0,1,0,0,0.0197
541a977d-77a3-33ee-a879-f80453867394,1,0,0,0,0,0,0,0,0,0,0,0,0,0,0,0.0
541a977d-77a3-33ee-a879-f80453867394,0,1,0,0,0,0,0,0,0,0,0,0,0,0,0,0.0
541a977d-77a3-33ee-a879-f80453867394,0,0,1,0,0,0,0,0,0,0,0,0,0,0,0,0.0
541a977d-77a3-33ee-a879-f80453867394,0,0,0,1,0,0,0,0,0,0,0,0,0,0,0,0.0
541a977d-77a3-33ee-a879-f80453867394,0,0,0,0,1,0,0,0,0,0,0,0,0,0,0,0.0
541a977d-77a3-33ee-a879-f80453867394,0,0,0,0,0,1,0,0,0,0,0,0,0,0,0,0.0
541a977d-77a3-33ee-a879-f80453867394,0,0,0,0,0,0,1,0,0,0,0,0,0,0,0,0.0
541a977d-77a3-33ee-a879-f80453867394,0,0,0,0,0,0,0,1,0,0,0,0,0,0,0,0.0
541a977d-77a3-33ee-a879-f80453867394,0,0,0,0,0,0,0,0,1,0,0,0,0,0,0,0.0
541a977d-77a3-33ee-a879-f80453867394,0,0,0,0,0,0,0,0,0,1,0,0,0,0,0,0.0
541a977d-77a3-33ee-a879-f80453867394,0,0,0,0,0,0,0,0,0,0,1,0,0,0,0,0.0
541a977d-77a3-33ee-a879-f80453867394,0,0,0,0,0,0,0,0,0,0,0,1,0,0,0,0.0
541a977d-77a3-33ee-a879-f80453867394,0,0,0,0,0,0,0,0,0,0,0,0,1,0,0,0.0
bffe8816-e8d5-32b8-80b3-3d890999cbf3,1,0,0,0,0,0,0,0,0,0,0,0,0,0,0,0.0
bffe8816-e8d5-32b8-80b3-3d890999cbf3,0,1,0,0,0,0,0,0,0,0,0,0,0,0,0,0.0
bffe8816-e8d5-32b8-80b3-3d890999cbf3,0,0,1,0,0,0,0,0,0,0,0,0,0,0,0,0.0
bffe8816-e8d5-32b8-80b3-3d890999cbf3,0,0,0,1,0,0,0,0,0,0,0,0,0,0,0,0.0
bffe8816-e8d5-32b8-80b3-3d890999cbf3,0,0,0,0,1,0,0,0,0,0,0,0,0,0,0,0.0
bffe8816-e8d5-32b8-80b3-3d890999cbf3,0,0,0,0,0,1,0,0,0,0,0,0,0,0,0,0.0
bffe8816-e8d5-32b8-80b3-3d890999cbf3,0,0,0,0,0,0,1,0,0,0,0,0,0,0,0,0.0
bffe8816-e8d5-32b8-80b3-3d890999cbf3,0,0,0,0,0,0,0,1,0,0,0,0,0,0,0,0.0
bffe8816-e8d5-32b8-80b3-3d890999cbf3,0,0,0,0,0,0,0,0,1,0,0,0,0,0,0,0.0
bffe8816-e8d5-32b8-80b3-3d890999cbf3,0,0,0,0,0,0,0,0,0,1,0,0,0,0,0,0.0
bffe8816-e8d5-32b8-80b3-3d890999cbf3,0,0,0,0,0,0,0,0,0,0,1,0,0,0,0,0.0
bffe8816-e8d5-32b8-80b3-3d890999cbf3,0,0,0,0,0,0,0,0,0,0,0,1,0,0,0,0.0
bffe8816-e8d5-32b8-80b3-3d890999cbf3,0,0,0,0,0,0,0,0,0,0,0,0,1,0,0,0.0
518dd616-c191-3930-a08c-469cc338008d,1,0,0,0,0,0,0,0,0,0,0,0,0,0,0,0.0
518dd616-c191-3930-a08c-469cc338008d,0,1,0,0,0,0,0,0,0,0,0,0,0,0,0,0.0
518dd616-c191-3930-a08c-469cc338008d,0,0,1,0,0,0,0,0,0,0,0,0,0,0,0,0.0
518dd616-c191-3930-a08c-469cc338008d,0,0,0,1,0,0,0,0,0,0,0,0,0,0,0,0.0
518dd616-c191-3930-a08c-469cc338008d,0,0,0,0,1,0,0,0,0,0,0,0,0,0,0,0.0
518dd616-c191-3930-a08c-469cc338008d,0,0,0,0,0,1,0,0,0,0,0,0,0,0,0,0.0
518dd616-c191-3930-a08c-469cc338008d,0,0,0,0,0,0,1,0,0,0,0,0,0,0,0,0.0
518dd616-c191-3930-a08c-469cc338008d,0,0,0,0,0,0,0,1,0,0,0,0,0,0,0,0.0
518dd616-c191-3930-a08c-469cc338008d,0,0,0,0,0,0,0,0,1,0,0,0,0,0,0,0.0
518dd616-c191-3930-a08c-469cc338008d,0,0,0,0,0,0,0,0,0,1,0,0,0,0,0,0.0
518dd616-c191-3930-a08c-469cc338008d,0,0,0,0,0,0,0,0,0,0,1,0,0,0,0,0.0
518dd616-c191-3930-a08c-469cc338008d,0,0,0,0,0,0,0,0,0,0,0,1,0,0,0,0.0
518dd616-c191-3930-a08c-469cc338008d,0,0,0,0,0,0,0,0,0,0,0,0,1,0,0,0.0
4ef48dc1-3576-3d4b-b569-b7d6a8b79826,1,0,0,0,0,0,0,0,0,0,0,0,0,0,0,0.0
4ef48dc1-3576-3d4b-b569-b7d6a8b79826,0,1,0,0,0,0,0,0,0,0,0,0,0,0,0,3.8747
4ef48dc1-3576-3d4b-b569-b7d6a8b79826,0,0,1,0,0,0,0,0,0,0,0,0,0,0,0,-3.8728
4ef48dc1-3576-3d4b-b569-b7d6a8b79826,0,0,0,1,0,0,0,0,0,0,0,0,0,0,0,0.0
4ef48dc1-3576-3d4b-b569-b7d6a8b79826,0,0,0,0,1,0,0,0,0,0,0,0,0,0,0,0.0
4ef48dc1-3576-3d4b-b569-b7d6a8b79826,0,0,0,0,0,1,0,0,0,0,0,0,0,0,0,-7.4798
4ef48dc1-3576-3d4b-b569-b7d6a8b79826,0,0,0,0,0,0,1,0,0,0,0,0,0,0,0,1.2087
4ef48dc1-3576-3d4b-b569-b7d6a8b79826,0,0,0,0,0,0,0,1,0,0,0,0,0,0,0,3.9372
4ef48dc1-3576-3d4b-b569-b7d6a8b79826,0,0,0,0,0,0,0,0,1,0,0,0,0,0,0,0.0
4ef48dc1-3576-3d4b-b569-b7d6a8b79826,0,0,0,0,0,0,0,0,0,1,0,0,0,0,0,7.2257
4ef48dc1-3576-3d4b-b569-b7d6a8b79826,0,0,0,0,0,0,0,0,0,0,1,0,0,0,0,0.4218
4ef48dc1-3576-3d4b-b569-b7d6a8b79826,0,0,0,0,0,0,0,0,0,0,0,1,0,0,0,-0.0117
4ef48dc1-3576-3d4b-b569-b7d6a8b79826,0,0,0,0,0,0,0,0,0,0,0,0,1,0,0,0.0006
b54091c3-c1ba-3b12-9ac4-ebbfbb91248f,1,0,0,0,0,0,0,0,0,0,0,0,0,0,0,0.0
b54091c3-c1ba-3b12-9ac4-ebbfbb91248f,0,1,0,0,0,0,0,0,0,0,0,0,0,0,0,6.3285
b54091c3-c1ba-3b12-9ac4-ebbfbb91248f,0,0,1,0,0,0,0,0,0,0,0,0,0,0,0,-6.3298
b54091c3-c1ba-3b12-9ac4-ebbfbb91248f,0,0,0,1,0,0,0,0,0,0,0,0,0,0,0,0.0
b54091c3-c1ba-3b12-9ac4-ebbfbb91248f,0,0,0,0,1,0,0,0,0,0,0,0,0,0,0,0.0
b54091c3-c1ba-3b12-9ac4-ebbfbb91248f,0,0,0,0,0,1,0,0,0,0,0,0,0,0,0,0.0
b54091c3-c1ba-3b12-9ac4-ebbfbb91248f,0,0,0,0,0,0,1,0,0,0,0,0,0,0,0,0.0
b54091c3-c1ba-3b12-9ac4-ebbfbb91248f,0,0,0,0,0,0,0,1,0,0,0,0,0,0,0,0.0
b54091c3-c1ba-3b12-9ac4-ebbfbb91248f,0,0,0,0,0,0,0,0,1,0,0,0,0,0,0,-6.3379
b54091c3-c1ba-3b12-9ac4-ebbfbb91248f,0,0,0,0,0,0,0,0,0,1,0,0,0,0,0,31.8364
b54091c3-c1ba-3b12-9ac4-ebbfbb91248f,0,0,0,0,0,0,0,0,0,0,1,0,0,0,0,2.0184
b54091c3-c1ba-3b12-9ac4-ebbfbb91248f,0,0,0,0,0,0,0,0,0,0,0,1,0,0,0,-0.0223
b54091c3-c1ba-3b12-9ac4-ebbfbb91248f,0,0,0,0,0,0,0,0,0,0,0,0,1,0,0,0.0392
cc3d5908-98a1-3877-9766-659bff259ed0,1,0,0,0,0,0,0,0,0,0,0,0,0,0,0,0.0
cc3d5908-98a1-3877-9766-659bff259ed0,0,1,0,0,0,0,0,0,0,0,0,0,0,0,0,0.0
cc3d5908-98a1-3877-9766-659bff259ed0,0,0,1,0,0,0,0,0,0,0,0,0,0,0,0,0.0
cc3d5908-98a1-3877-9766-659bff259ed0,0,0,0,1,0,0,0,0,0,0,0,0,0,0,0,0.0
cc3d5908-98a1-3877-9766-659bff259ed0,0,0,0,0,1,0,0,0,0,0,0,0,0,0,0,0.0
cc3d5908-98a1-3877-9766-659bff259ed0,0,0,0,0,0,1,0,0,0,0,0,0,0,0,0,0.0
cc3d5908-98a1-3877-9766-659bff259ed0,0,0,0,0,0,0,1,0,0,0,0,0,0,0,0,1.6513
cc3d5908-98a1-3877-9766-659bff259ed0,0,0,0,0,0,0,0,1,0,0,0,0,0,0,0,-1.6456
cc3d5908-98a1-3877-9766-659bff259ed0,0,0,0,0,0,0,0,0,1,0,0,0,0,0,0,0.0
cc3d5908-98a1-3877-9766-659bff259ed0,0,0,0,0,0,0,0,0,0,1,0,0,0,0,0,23.5055
cc3d5908-98a1-3877-9766-659bff259ed0,0,0,0,0,0,0,0,0,0,0,1,0,0,0,0,1.5079
cc3d5908-98a1-3877-9766-659bff259ed0,0,0,0,0,0,0,0,0,0,0,0,1,0,0,0,-0.075
cc3d5908-98a1-3877-9766-659bff259ed0,0,0,0,0,0,0,0,0,0,0,0,0,1,0,0,0.0656
dd092e09-d91a-3f07-9a21-f57a90d8bb84,1,0,0,0,0,0,0,0,0,0,0,0,0,0,0,0.0
dd092e09-d91a-3f07-9a21-f57a90d8bb84,0,1,0,0,0,0,0,0,0,0,0,0,0,0,0,0.0
dd092e09-d91a-3f07-9a21-f57a90d8bb84,0,0,1,0,0,0,0,0,0,0,0,0,0,0,0,0.0
dd092e09-d91a-3f07-9a21-f57a90d8bb84,0,0,0,1,0,0,0,0,0,0,0,0,0,0,0,0.0
dd092e09-d91a-3f07-9a21-f57a90d8bb84,0,0,0,0,1,0,0,0,0,0,0,0,0,0,0,0.0
dd092e09-d91a-3f07-9a21-f57a90d8bb84,0,0,0,0,0,1,0,0,0,0,0,0,0,0,0,0.0
dd092e09-d91a-3f07-9a21-f57a90d8bb84,0,0,0,0,0,0,1,0,0,0,0,0,0,0,0,0.0
dd092e09-d91a-3f07-9a21-f57a90d8bb84,0,0,0,0,0,0,0,1,0,0,0,0,0,0,0,0.0
dd092e09-d91a-3f07-9a21-f57a90d8bb84,0,0,0,0,0,0,0,0,1,0,0,0,0,0,0,0.0
dd092e09-d91a-3f07-9a21-f57a90d8bb84,0,0,0,0,0,0,0,0,0,1,0,0,0,0,0,0.0
dd092e09-d91a-3f07-9a21-f57a90d8bb84,0,0,0,0,0,0,0,0,0,0,1,0,0,0,0,0.0
dd092e09-d91a-3f07-9a21-f57a90d8bb84,0,0,0,0,0,0,0,0,0,0,0,1,0,0,0,0.0
dd092e09-d91a-3f07-9a21-f57a90d8bb84,0,0,0,0,0,0,0,0,0,0,0,0,1,0,0,0.0
624da850-bbf1-3141-8240-6de2ed78abb1,1,0,0,0,0,0,0,0,0,0,0,0,0,0,0,0.0
624da850-bbf1-3141-8240-6de2ed78abb1,0,1,0,0,0,0,0,0,0,0,0,0,0,0,0,-0.0001
624da850-bbf1-3141-8240-6de2ed78abb1,0,0,1,0,0,0,0,0,0,0,0,0,0,0,0,0.0001
624da850-bbf1-3141-8240-6de2ed78abb1,0,0,0,1,0,0,0,0,0,0,0,0,0,0,0,0.0
624da850-bbf1-3141-8240-6de2ed78abb1,0,0,0,0,1,0,0,0,0,0,0,0,0,0,0,0.0
624da850-bbf1-3141-8240-6de2ed78abb1,0,0,0,0,0,1,0,0,0,0,0,0,0,0,0,0.0
624da850-bbf1-3141-8240-6de2ed78abb1,0,0,0,0,0,0,1,0,0,0,0,0,0,0,0,0.0
624da850-bbf1-3141-8240-6de2ed78abb1,0,0,0,0,0,0,0,1,0,0,0,0,0,0,0,0.0
624da850-bbf1-3141-8240-6de2ed78abb1,0,0,0,0,0,0,0,0,1,0,0,0,0,0,0,0.0
624da850-bbf1-3141-8240-6de2ed78abb1,0,0,0,0,0,0,0,0,0,1,0,0,0,0,0,0.0
624da850-bbf1-3141-8240-6de2ed78abb1,0,0,0,0,0,0,0,0,0,0,1,0,0,0,0,0.0
624da850-bbf1-3141-8240-6de2ed78abb1,0,0,0,0,0,0,0,0,0,0,0,1,0,0,0,0.0
624da850-bbf1-3141-8240-6de2ed78abb1,0,0,0,0,0,0,0,0,0,0,0,0,1,0,0,0.0
e92a48dc-55d9-32e1-99b0-d4518d32682a,1,0,0,0,0,0,0,0,0,0,0,0,0,0,0,0.0
e92a48dc-55d9-32e1-99b0-d4518d32682a,0,1,0,0,0,0,0,0,0,0,0,0,0,0,0,0.0033
e92a48dc-55d9-32e1-99b0-d4518d32682a,0,0,1,0,0,0,0,0,0,0,0,0,0,0,0,-0.0033
e92a48dc-55d9-32e1-99b0-d4518d32682a,0,0,0,1,0,0,0,0,0,0,0,0,0,0,0,0.0004
e92a48dc-55d9-32e1-99b0-d4518d32682a,0,0,0,0,1,0,0,0,0,0,0,0,0,0,0,0.0031
e92a48dc-55d9-32e1-99b0-d4518d32682a,0,0,0,0,0,1,0,0,0,0,0,0,0,0,0,-0.0006
e92a48dc-55d9-32e1-99b0-d4518d32682a,0,0,0,0,0,0,1,0,0,0,0,0,0,0,0,-0.0031
e92a48dc-55d9-32e1-99b0-d4518d32682a,0,0,0,0,0,0,0,1,0,0,0,0,0,0,0,0.0005
e92a48dc-55d9-32e1-99b0-d4518d32682a,0,0,0,0,0,0,0,0,1,0,0,0,0,0,0,-0.0048
e92a48dc-55d9-32e1-99b0-d4518d32682a,0,0,0,0,0,0,0,0,0,1,0,0,0,0,0,0.0
e92a48dc-55d9-32e1-99b0-d4518d32682a,0,0,0,0,0,0,0,0,0,0,1,0,0,0,0,0.0005
e92a48dc-55d9-32e1-99b0-d4518d32682a,0,0,0,0,0,0,0,0,0,0,0,1,0,0,0,0.0
e92a48dc-55d9-32e1-99b0-d4518d32682a,0,0,0,0,0,0,0,0,0,0,0,0,1,0,0,0.0
60ec5871-a7c7-3db2-9573-e1b477bf855b,1,0,0,0,0,0,0,0,0,0,0,0,0,0,0,0.0
60ec5871-a7c7-3db2-9573-e1b477bf855b,0,1,0,0,0,0,0,0,0,0,0,0,0,0,0,-1.6199
60ec5871-a7c7-3db2-9573-e1b477bf855b,0,0,1,0,0,0,0,0,0,0,0,0,0,0,0,1.6199
60ec5871-a7c7-3db2-9573-e1b477bf855b,0,0,0,1,0,0,0,0,0,0,0,0,0,0,0,0.4381
60ec5871-a7c7-3db2-9573-e1b477bf855b,0,0,0,0,1,0,0,0,0,0,0,0,0,0,0,-0.5597
60ec5871-a7c7-3db2-9573-e1b477bf855b,0,0,0,0,0,1,0,0,0,0,0,0,0,0,0,1.0827
60ec5871-a7c7-3db2-9573-e1b477bf855b,0,0,0,0,0,0,1,0,0,0,0,0,0,0,0,-0.2628
60ec5871-a7c7-3db2-9573-e1b477bf855b,0,0,0,0,0,0,0,1,0,0,0,0,0,0,0,-0.2602
60ec5871-a7c7-3db2-9573-e1b477bf855b,0,0,0,0,0,0,0,0,1,0,0,0,0,0,0,-2.0152
60ec5871-a7c7-3db2-9573-e1b477bf855b,0,0,0,0,0,0,0,0,0,1,0,0,0,0,0,-0.8147
60ec5871-a7c7-3db2-9573-e1b477bf855b,0,0,0,0,0,0,0,0,0,0,1,0,0,0,0,0.0546
60ec5871-a7c7-3db2-9573-e1b477bf855b,0,0,0,0,0,0,0,0,0,0,0,1,0,0,0,-0.0003
60ec5871-a7c7-3db2-9573-e1b477bf855b,0,0,0,0,0,0,0,0,0,0,0,0,1,0,0,-0.0019
747ec7ea-57bc-3397-a55a-1f1c72900abd,1,0,0,0,0,0,0,0,0,0,0,0,0,0,0,0.0
747ec7ea-57bc-3397-a55a-1f1c72900abd,0,1,0,0,0,0,0,0,0,0,0,0,0,0,0,-1.7149
747ec7ea-57bc-3397-a55a-1f1c72900abd,0,0,1,0,0,0,0,0,0,0,0,0,0,0,0,1.7149
747ec7ea-57bc-3397-a55a-1f1c72900abd,0,0,0,1,0,0,0,0,0,0,0,0,0,0,0,0.9841
747ec7ea-57bc-3397-a55a-1f1c72900abd,0,0,0,0,1,0,0,0,0,0,0,0,0,0,0,-0.0137
747ec7ea-57bc-3397-a55a-1f1c72900abd,0,0,0,0,0,1,0,0,0,0,0,0,0,0,0,1.065
747ec7ea-57bc-3397-a55a-1f1c72900abd,0,0,0,0,0,0,1,0,0,0,0,0,0,0,0,-0.6904
747ec7ea-57bc-3397-a55a-1f1c72900abd,0,0,0,0,0,0,0,1,0,0,0,0,0,0,0,-0.3608
747ec7ea-57bc-3397-a55a-1f1c72900abd,0,0,0,0,0,0,0,0,1,0,0,0,0,0,0,-2.1636
747ec7ea-57bc-3397-a55a-1f1c72900abd,0,0,0,0,0,0,0,0,0,1,0,0,0,0,0,-0.8159
747ec7ea-57bc-3397-a55a-1f1c72900abd,0,0,0,0,0,0,0,0,0,0,1,0,0,0,0,0.0541
747ec7ea-57bc-3397-a55a-1f1c72900abd,0,0,0,0,0,0,0,0,0,0,0,1,0,0,0,0.0002
747ec7ea-57bc-3397-a55a-1f1c72900abd,0,0,0,0,0,0,0,0,0,0,0,0,1,0,0,-0.0008
8bcecc5c-46d9-3121-a5e0-0b33106e636d,1,0,0,0,0,0,0,0,0,0,0,0,0,0,0,0.0
8bcecc5c-46d9-3121-a5e0-0b33106e636d,0,1,0,0,0,0,0,0,0,0,0,0,0,0,0,12.0498
8bcecc5c-46d9-3121-a5e0-0b33106e636d,0,0,1,0,0,0,0,0,0,0,0,0,0,0,0,-12.0575
8bcecc5c-46d9-3121-a5e0-0b33106e636d,0,0,0,1,0,0,0,0,0,0,0,0,0,0,0,2.9668
8bcecc5c-46d9-3121-a5e0-0b33106e636d,0,0,0,0,1,0,0,0,0,0,0,0,0,0,0,40.8087
8bcecc5c-46d9-3121-a5e0-0b33106e636d,0,0,0,0,0,1,0,0,0,0,0,0,0,0,0,-8.7962
8bcecc5c-46d9-3121-a5e0-0b33106e636d,0,0,0,0,0,0,1,0,0,0,0,0,0,0,0,-13.5722
8bcecc5c-46d9-3121-a5e0-0b33106e636d,0,0,0,0,0,0,0,1,0,0,0,0,0,0,0,-13.7601
8bcecc5c-46d9-3121-a5e0-0b33106e636d,0,0,0,0,0,0,0,0,1,0,0,0,0,0,0,-30.45
8bcecc5c-46d9-3121-a5e0-0b33106e636d,0,0,0,0,0,0,0,0,0,1,0,0,0,0,0,5.1863
8bcecc5c-46d9-3121-a5e0-0b33106e636d,0,0,0,0,0,0,0,0,0,0,1,0,0,0,0,0.2768
8bcecc5c-46d9-3121-a5e0-0b33106e636d,0,0,0,0,0,0,0,0,0,0,0,1,0,0,0,-0.0013
8bcecc5c-46d9-3121-a5e0-0b33106e636d,0,0,0,0,0,0,0,0,0,0,0,0,1,0,0,0.0186
3abaf174-e6a7-39a7-ace5-3e8ee917bede,1,0,0,0,0,0,0,0,0,0,0,0,0,0,0,0.0
3abaf174-e6a7-39a7-ace5-3e8ee917bede,0,1,0,0,0,0,0,0,0,0,0,0,0,0,0,76.6338
3abaf174-e6a7-39a7-ace5-3e8ee917bede,0,0,1,0,0,0,0,0,0,0,0,0,0,0,0,-76.6747
3abaf174-e6a7-39a7-ace5-3e8ee917bede,0,0,0,1,0,0,0,0,0,0,0,0,0,0,0,26.7151
3abaf174-e6a7-39a7-ace5-3e8ee917bede,0,0,0,0,1,0,0,0,0,0,0,0,0,0,0,268.0031
3abaf174-e6a7-39a7-ace5-3e8ee917bede,0,0,0,0,0,1,0,0,0,0,0,0,0,0,0,-67.6945
3abaf174-e6a7-39a7-ace5-3e8ee917bede,0,0,0,0,0,0,1,0,0,0,0,0,0,0,0,-99.7756
3abaf174-e6a7-39a7-ace5-3e8ee917bede,0,0,0,0,0,0,0,1,0,0,0,0,0,0,0,-95.7707
3abaf174-e6a7-39a7-ace5-3e8ee917bede,0,0,0,0,0,0,0,0,1,0,0,0,0,0,0,-201.2627
3abaf174-e6a7-39a7-ace5-3e8ee917bede,0,0,0,0,0,0,0,0,0,1,0,0,0,0,0,33.6437
3abaf174-e6a7-39a7-ace5-3e8ee917bede,0,0,0,0,0,0,0,0,0,0,1,0,0,0,0,2.0765
3abaf174-e6a7-39a7-ace5-3e8ee917bede,0,0,0,0,0,0,0,0,0,0,0,1,0,0,0,-0.0351
3abaf174-e6a7-39a7-ace5-3e8ee917bede,0,0,0,0,0,0,0,0,0,0,0,0,1,0,0,0.0823
b5cab8f1-7905-356b-bf9c-fa9d25553c32,1,0,0,0,0,0,0,0,0,0,0,0,0,0,0,0.0
b5cab8f1-7905-356b-bf9c-fa9d25553c32,0,1,0,0,0,0,0,0,0,0,0,0,0,0,0,76.9801
b5cab8f1-7905-356b-bf9c-fa9d25553c32,0,0,1,0,0,0,0,0,0,0,0,0,0,0,0,-77.0189
b5cab8f1-7905-356b-bf9c-fa9d25553c32,0,0,0,1,0,0,0,0,0,0,0,0,0,0,0,33.4624
b5cab8f1-7905-356b-bf9c-fa9d25553c32,0,0,0,0,1,0,0,0,0,0,0,0,0,0,0,276.2568
b5cab8f1-7905-356b-bf9c-fa9d25553c32,0,0,0,0,0,1,0,0,0,0,0,0,0,0,0,-68.7306
b5cab8f1-7905-356b-bf9c-fa9d25553c32,0,0,0,0,0,0,1,0,0,0,0,0,0,0,0,-102.8739
b5cab8f1-7905-356b-bf9c-fa9d25553c32,0,0,0,0,0,0,0,1,0,0,0,0,0,0,0,-99.8886
b5cab8f1-7905-356b-bf9c-fa9d25553c32,0,0,0,0,0,0,0,0,1,0,0,0,0,0,0,-215.7473
b5cab8f1-7905-356b-bf9c-fa9d25553c32,0,0,0,0,0,0,0,0,0,1,0,0,0,0,0,35.4668
b5cab8f1-7905-356b-bf9c-fa9d25553c32,0,0,0,0,0,0,0,0,0,0,1,0,0,0,0,1.6454
b5cab8f1-7905-356b-bf9c-fa9d25553c32,0,0,0,0,0,0,0,0,0,0,0,1,0,0,0,-0.0635
b5cab8f1-7905-356b-bf9c-fa9d25553c32,0,0,0,0,0,0,0,0,0,0,0,0,1,0,0,-0.1373
834c0ae3-8c84-3330-ae4f-144ea0bf87d4,1,0,0,0,0,0,0,0,0,0,0,0,0,0,0,0.0
834c0ae3-8c84-3330-ae4f-144ea0bf87d4,0,1,0,0,0,0,0,0,0,0,0,0,0,0,0,0.0
834c0ae3-8c84-3330-ae4f-144ea0bf87d4,0,0,1,0,0,0,0,0,0,0,0,0,0,0,0,0.0
834c0ae3-8c84-3330-ae4f-144ea0bf87d4,0,0,0,1,0,0,0,0,0,0,0,0,0,0,0,0.0
834c0ae3-8c84-3330-ae4f-144ea0bf87d4,0,0,0,0,1,0,0,0,0,0,0,0,0,0,0,0.0
834c0ae3-8c84-3330-ae4f-144ea0bf87d4,0,0,0,0,0,1,0,0,0,0,0,0,0,0,0,0.0
834c0ae3-8c84-3330-ae4f-144ea0bf87d4,0,0,0,0,0,0,1,0,0,0,0,0,0,0,0,0.0
834c0ae3-8c84-3330-ae4f-144ea0bf87d4,0,0,0,0,0,0,0,1,0,0,0,0,0,0,0,0.0
834c0ae3-8c84-3330-ae4f-144ea0bf87d4,0,0,0,0,0,0,0,0,1,0,0,0,0,0,0,0.0
834c0ae3-8c84-3330-ae4f-144ea0bf87d4,0,0,0,0,0,0,0,0,0,1,0,0,0,0,0,0.0
834c0ae3-8c84-3330-ae4f-144ea0bf87d4,0,0,0,0,0,0,0,0,0,0,1,0,0,0,0,0.0
834c0ae3-8c84-3330-ae4f-144ea0bf87d4,0,0,0,0,0,0,0,0,0,0,0,1,0,0,0,0.0
834c0ae3-8c84-3330-ae4f-144ea0bf87d4,0,0,0,0,0,0,0,0,0,0,0,0,1,0,0,0.0
d3bef496-15c5-38be-bc0f-921edff1a7b7,1,0,0,0,0,0,0,0,0,0,0,0,0,0,0,0.0
d3bef496-15c5-38be-bc0f-921edff1a7b7,0,1,0,0,0,0,0,0,0,0,0,0,0,0,0,60.175
d3bef496-15c5-38be-bc0f-921edff1a7b7,0,0,1,0,0,0,0,0,0,0,0,0,0,0,0,-60.2048
d3bef496-15c5-38be-bc0f-921edff1a7b7,0,0,0,1,0,0,0,0,0,0,0,0,0,0,0,20.088
d3bef496-15c5-38be-bc0f-921edff1a7b7,0,0,0,0,1,0,0,0,0,0,0,0,0,0,0,192.0866
d3bef496-15c5-38be-bc0f-921edff1a7b7,0,0,0,0,0,1,0,0,0,0,0,0,0,0,0,-46.856
d3bef496-15c5-38be-bc0f-921edff1a7b7,0,0,0,0,0,0,1,0,0,0,0,0,0,0,0,-72.9551
d3bef496-15c5-38be-bc0f-921edff1a7b7,0,0,0,0,0,0,0,1,0,0,0,0,0,0,0,-67.5394
d3bef496-15c5-38be-bc0f-921edff1a7b7,0,0,0,0,0,0,0,0,1,0,0,0,0,0,0,-147.3808
d3bef496-15c5-38be-bc0f-921edff1a7b7,0,0,0,0,0,0,0,0,0,1,0,0,0,0,0,24.4919
d3bef496-15c5-38be-bc0f-921edff1a7b7,0,0,0,0,0,0,0,0,0,0,1,0,0,0,0,1.3561
d3bef496-15c5-38be-bc0f-921edff1a7b7,0,0,0,0,0,0,0,0,0,0,0,1,0,0,0,0.211
d3bef496-15c5-38be-bc0f-921edff1a7b7,0,0,0,0,0,0,0,0,0,0,0,0,1,0,0,-0.0237
add739b9-e54b-3890-813d-ec3b68e7ef06,1,0,0,0,0,0,0,0,0,0,0,0,0,0,0,0.0
add739b9-e54b-3890-813d-ec3b68e7ef06,0,1,0,0,0,0,0,0,0,0,0,0,0,0,0,0.0
add739b9-e54b-3890-813d-ec3b68e7ef06,0,0,1,0,0,0,0,0,0,0,0,0,0,0,0,0.0
add739b9-e54b-3890-813d-ec3b68e7ef06,0,0,0,1,0,0,0,0,0,0,0,0,0,0,0,0.0
add739b9-e54b-3890-813d-ec3b68e7ef06,0,0,0,0,1,0,0,0,0,0,0,0,0,0,0,0.0
add739b9-e54b-3890-813d-ec3b68e7ef06,0,0,0,0,0,1,0,0,0,0,0,0,0,0,0,0.0
add739b9-e54b-3890-813d-ec3b68e7ef06,0,0,0,0,0,0,1,0,0,0,0,0,0,0,0,0.0
add739b9-e54b-3890-813d-ec3b68e7ef06,0,0,0,0,0,0,0,1,0,0,0,0,0,0,0,0.0
add739b9-e54b-3890-813d-ec3b68e7ef06,0,0,0,0,0,0,0,0,1,0,0,0,0,0,0,0.0
add739b9-e54b-3890-813d-ec3b68e7ef06,0,0,0,0,0,0,0,0,0,1,0,0,0,0,0,0.0008
add739b9-e54b-3890-813d-ec3b68e7ef06,0,0,0,0,0,0,0,0,0,0,1,0,0,0,0,0.0005
add739b9-e54b-3890-813d-ec3b68e7ef06,0,0,0,0,0,0,0,0,0,0,0,1,0,0,0,0.0
add739b9-e54b-3890-813d-ec3b68e7ef06,0,0,0,0,0,0,0,0,0,0,0,0,1,0,0,0.0001
b0cde663-1ad7-31bc-9622-6253eb5af53c,1,0,0,0,0,0,0,0,0,0,0,0,0,0,0,0.0
b0cde663-1ad7-31bc-9622-6253eb5af53c,0,1,0,0,0,0,0,0,0,0,0,0,0,0,0,182.4916
b0cde663-1ad7-31bc-9622-6253eb5af53c,0,0,1,0,0,0,0,0,0,0,0,0,0,0,0,-182.5189
b0cde663-1ad7-31bc-9622-6253eb5af53c,0,0,0,1,0,0,0,0,0,0,0,0,0,0,0,65.1439
b0cde663-1ad7-31bc-9622-6253eb5af53c,0,0,0,0,1,0,0,0,0,0,0,0,0,0,0,661.2066
b0cde663-1ad7-31bc-9622-6253eb5af53c,0,0,0,0,0,1,0,0,0,0,0,0,0,0,0,-165.0337
b0cde663-1ad7-31bc-9622-6253eb5af53c,0,0,0,0,0,0,1,0,0,0,0,0,0,0,0,-242.5989
b0cde663-1ad7-31bc-9622-6253eb5af53c,0,0,0,0,0,0,0,1,0,0,0,0,0,0,0,-248.8843
b0cde663-1ad7-31bc-9622-6253eb5af53c,0,0,0,0,0,0,0,0,1,0,0,0,0,0,0,-517.6925
b0cde663-1ad7-31bc-9622-6253eb5af53c,0,0,0,0,0,0,0,0,0,1,0,0,0,0,0,80.0711
b0cde663-1ad7-31bc-9622-6253eb5af53c,0,0,0,0,0,0,0,0,0,0,1,0,0,0,0,5.8262
b0cde663-1ad7-31bc-9622-6253eb5af53c,0,0,0,0,0,0,0,0,0,0,0,1,0,0,0,-0.0137
b0cde663-1ad7-31bc-9622-6253eb5af53c,0,0,0,0,0,0,0,0,0,0,0,0,1,0,0,0.282
6e0a45b8-073d-398d-af2b-7f7fac2b8a35,1,0,0,0,0,0,0,0,0,0,0,0,0,0,0,0.0
6e0a45b8-073d-398d-af2b-7f7fac2b8a35,0,1,0,0,0,0,0,0,0,0,0,0,0,0,0,13.201
6e0a45b8-073d-398d-af2b-7f7fac2b8a35,0,0,1,0,0,0,0,0,0,0,0,0,0,0,0,-13.2082
6e0a45b8-073d-398d-af2b-7f7fac2b8a35,0,0,0,1,0,0,0,0,0,0,0,0,0,0,0,3.7708
6e0a45b8-073d-398d-af2b-7f7fac2b8a35,0,0,0,0,1,0,0,0,0,0,0,0,0,0,0,46.276
6e0a45b8-073d-398d-af2b-7f7fac2b8a35,0,0,0,0,0,1,0,0,0,0,0,0,0,0,0,-9.4297
6e0a45b8-073d-398d-af2b-7f7fac2b8a35,0,0,0,0,0,0,1,0,0,0,0,0,0,0,0,-15.7093
6e0a45b8-073d-398d-af2b-7f7fac2b8a35,0,0,0,0,0,0,0,1,0,0,0,0,0,0,0,-16.4553
6e0a45b8-073d-398d-af2b-7f7fac2b8a35,0,0,0,0,0,0,0,0,1,0,0,0,0,0,0,-34.7634
6e0a45b8-073d-398d-af2b-7f7fac2b8a35,0,0,0,0,0,0,0,0,0,1,0,0,0,0,0,5.5056
6e0a45b8-073d-398d-af2b-7f7fac2b8a35,0,0,0,0,0,0,0,0,0,0,1,0,0,0,0,0.3688
6e0a45b8-073d-398d-af2b-7f7fac2b8a35,0,0,0,0,0,0,0,0,0,0,0,1,0,0,0,0.0067
6e0a45b8-073d-398d-af2b-7f7fac2b8a35,0,0,0,0,0,0,0,0,0,0,0,0,1,0,0,-0.0021
469396c2-93a8-3c9d-af75-26609a91dac8,1,0,0,0,0,0,0,0,0,0,0,0,0,0,0,0.0
469396c2-93a8-3c9d-af75-26609a91dac8,0,1,0,0,0,0,0,0,0,0,0,0,0,0,0,0.0
469396c2-93a8-3c9d-af75-26609a91dac8,0,0,1,0,0,0,0,0,0,0,0,0,0,0,0,0.0
469396c2-93a8-3c9d-af75-26609a91dac8,0,0,0,1,0,0,0,0,0,0,0,0,0,0,0,0.0
469396c2-93a8-3c9d-af75-26609a91dac8,0,0,0,0,1,0,0,0,0,0,0,0,0,0,0,-0.0001
469396c2-93a8-3c9d-af75-26609a91dac8,0,0,0,0,0,1,0,0,0,0,0,0,0,0,0,0.0001
469396c2-93a8-3c9d-af75-26609a91dac8,0,0,0,0,0,0,1,0,0,0,0,0,0,0,0,0.0
469396c2-93a8-3c9d-af75-26609a91dac8,0,0,0,0,0,0,0,1,0,0,0,0,0,0,0,0.0
469396c2-93a8-3c9d-af75-26609a91dac8,0,0,0,0,0,0,0,0,1,0,0,0,0,0,0,-0.0001
469396c2-93a8-3c9d-af75-26609a91dac8,0,0,0,0,0,0,0,0,0,1,0,0,0,0,0,-0.0001
469396c2-93a8-3c9d-af75-26609a91dac8,0,0,0,0,0,0,0,0,0,0,1,0,0,0,0,0.0
469396c2-93a8-3c9d-af75-26609a91dac8,0,0,0,0,0,0,0,0,0,0,0,1,0,0,0,0.0
469396c2-93a8-3c9d-af75-26609a91dac8,0,0,0,0,0,0,0,0,0,0,0,0,1,0,0,0.0
3216461f-5d58-32bd-8ed7-01f815499b93,1,0,0,0,0,0,0,0,0,0,0,0,0,0,0,0.0
3216461f-5d58-32bd-8ed7-01f815499b93,0,1,0,0,0,0,0,0,0,0,0,0,0,0,0,0.0
3216461f-5d58-32bd-8ed7-01f815499b93,0,0,1,0,0,0,0,0,0,0,0,0,0,0,0,0.0
3216461f-5d58-32bd-8ed7-01f815499b93,0,0,0,1,0,0,0,0,0,0,0,0,0,0,0,0.0017
3216461f-5d58-32bd-8ed7-01f815499b93,0,0,0,0,1,0,0,0,0,0,0,0,0,0,0,-0.0047
3216461f-5d58-32bd-8ed7-01f815499b93,0,0,0,0,0,1,0,0,0,0,0,0,0,0,0,0.0047
3216461f-5d58-32bd-8ed7-01f815499b93,0,0,0,0,0,0,1,0,0,0,0,0,0,0,0,0.0
3216461f-5d58-32bd-8ed7-01f815499b93,0,0,0,0,0,0,0,1,0,0,0,0,0,0,0,0.0
3216461f-5d58-32bd-8ed7-01f815499b93,0,0,0,0,0,0,0,0,1,0,0,0,0,0,0,-0.0047
3216461f-5d58-32bd-8ed7-01f815499b93,0,0,0,0,0,0,0,0,0,1,0,0,0,0,0,-0.003
3216461f-5d58-32bd-8ed7-01f815499b93,0,0,0,0,0,0,0,0,0,0,1,0,0,0,0,0.0009
3216461f-5d58-32bd-8ed7-01f815499b93,0,0,0,0,0,0,0,0,0,0,0,1,0,0,0,0.0
3216461f-5d58-32bd-8ed7-01f815499b93,0,0,0,0,0,0,0,0,0,0,0,0,1,0,0,0.0
f83a7d87-fda0-3159-9c34-5aeb814139e8,1,0,0,0,0,0,0,0,0,0,0,0,0,0,0,0.0
f83a7d87-fda0-3159-9c34-5aeb814139e8,0,1,0,0,0,0,0,0,0,0,0,0,0,0,0,0.0
f83a7d87-fda0-3159-9c34-5aeb814139e8,0,0,1,0,0,0,0,0,0,0,0,0,0,0,0,0.0
f83a7d87-fda0-3159-9c34-5aeb814139e8,0,0,0,1,0,0,0,0,0,0,0,0,0,0,0,-71.5456
f83a7d87-fda0-3159-9c34-5aeb814139e8,0,0,0,0,1,0,0,0,0,0,0,0,0,0,0,445.9056
f83a7d87-fda0-3159-9c34-5aeb814139e8,0,0,0,0,0,1,0,0,0,0,0,0,0,0,0,-445.8519
f83a7d87-fda0-3159-9c34-5aeb814139e8,0,0,0,0,0,0,1,0,0,0,0,0,0,0,0,0.0
f83a7d87-fda0-3159-9c34-5aeb814139e8,0,0,0,0,0,0,0,1,0,0,0,0,0,0,0,0.0
f83a7d87-fda0-3159-9c34-5aeb814139e8,0,0,0,0,0,0,0,0,1,0,0,0,0,0,0,445.8757
f83a7d87-fda0-3159-9c34-5aeb814139e8,0,0,0,0,0,0,0,0,0,1,0,0,0,0,0,174.9679
f83a7d87-fda0-3159-9c34-5aeb814139e8,0,0,0,0,0,0,0,0,0,0,1,0,0,0,0,9.3446
f83a7d87-fda0-3159-9c34-5aeb814139e8,0,0,0,0,0,0,0,0,0,0,0,1,0,0,0,1.0852
f83a7d87-fda0-3159-9c34-5aeb814139e8,0,0,0,0,0,0,0,0,0,0,0,0,1,0,0,0.0153
0aa745e0-6201-33a2-a99b-761450521368,1,0,0,0,0,0,0,0,0,0,0,0,0,0,0,0.0
0aa745e0-6201-33a2-a99b-761450521368,0,1,0,0,0,0,0,0,0,0,0,0,0,0,0,0.0
0aa745e0-6201-33a2-a99b-761450521368,0,0,1,0,0,0,0,0,0,0,0,0,0,0,0,0.0
0aa745e0-6201-33a2-a99b-761450521368,0,0,0,1,0,0,0,0,0,0,0,0,0,0,0,0.0
0aa745e0-6201-33a2-a99b-761450521368,0,0,0,0,1,0,0,0,0,0,0,0,0,0,0,0.0
0aa745e0-6201-33a2-a99b-761450521368,0,0,0,0,0,1,0,0,0,0,0,0,0,0,0,0.0
0aa745e0-6201-33a2-a99b-761450521368,0,0,0,0,0,0,1,0,0,0,0,0,0,0,0,0.0
0aa745e0-6201-33a2-a99b-761450521368,0,0,0,0,0,0,0,1,0,0,0,0,0,0,0,0.0
0aa745e0-6201-33a2-a99b-761450521368,0,0,0,0,0,0,0,0,1,0,0,0,0,0,0,0.0
0aa745e0-6201-33a2-a99b-761450521368,0,0,0,0,0,0,0,0,0,1,0,0,0,0,0,0.0
0aa745e0-6201-33a2-a99b-761450521368,0,0,0,0,0,0,0,0,0,0,1,0,0,0,0,0.0007
0aa745e0-6201-33a2-a99b-761450521368,0,0,0,0,0,0,0,0,0,0,0,1,0,0,0,0.0
0aa745e0-6201-33a2-a99b-761450521368,0,0,0,0,0,0,0,0,0,0,0,0,1,0,0,-0.0001
0d317abe-5476-34b1-84f1-13e9e68aaaa4,1,0,0,0,0,0,0,0,0,0,0,0,0,0,0,0.0
0d317abe-5476-34b1-84f1-13e9e68aaaa4,0,1,0,0,0,0,0,0,0,0,0,0,0,0,0,0.0
0d317abe-5476-34b1-84f1-13e9e68aaaa4,0,0,1,0,0,0,0,0,0,0,0,0,0,0,0,0.0
0d317abe-5476-34b1-84f1-13e9e68aaaa4,0,0,0,1,0,0,0,0,0,0,0,0,0,0,0,-69.288
0d317abe-5476-34b1-84f1-13e9e68aaaa4,0,0,0,0,1,0,0,0,0,0,0,0,0,0,0,987.4279
0d317abe-5476-34b1-84f1-13e9e68aaaa4,0,0,0,0,0,1,0,0,0,0,0,0,0,0,0,-987.3508
0d317abe-5476-34b1-84f1-13e9e68aaaa4,0,0,0,0,0,0,1,0,0,0,0,0,0,0,0,0.0
0d317abe-5476-34b1-84f1-13e9e68aaaa4,0,0,0,0,0,0,0,1,0,0,0,0,0,0,0,0.0
0d317abe-5476-34b1-84f1-13e9e68aaaa4,0,0,0,0,0,0,0,0,1,0,0,0,0,0,0,987.368
0d317abe-5476-34b1-84f1-13e9e68aaaa4,0,0,0,0,0,0,0,0,0,1,0,0,0,0,0,395.8215
0d317abe-5476-34b1-84f1-13e9e68aaaa4,0,0,0,0,0,0,0,0,0,0,1,0,0,0,0,23.7252
0d317abe-5476-34b1-84f1-13e9e68aaaa4,0,0,0,0,0,0,0,0,0,0,0,1,0,0,0,0.3274
0d317abe-5476-34b1-84f1-13e9e68aaaa4,0,0,0,0,0,0,0,0,0,0,0,0,1,0,0,1.3148
b32106c1-f960-3867-b8c9-c154130cfb8e,1,0,0,0,0,0,0,0,0,0,0,0,0,0,0,0.0
b32106c1-f960-3867-b8c9-c154130cfb8e,0,1,0,0,0,0,0,0,0,0,0,0,0,0,0,0.0
b32106c1-f960-3867-b8c9-c154130cfb8e,0,0,1,0,0,0,0,0,0,0,0,0,0,0,0,0.0
b32106c1-f960-3867-b8c9-c154130cfb8e,0,0,0,1,0,0,0,0,0,0,0,0,0,0,0,0.0
b32106c1-f960-3867-b8c9-c154130cfb8e,0,0,0,0,1,0,0,0,0,0,0,0,0,0,0,0.0
b32106c1-f960-3867-b8c9-c154130cfb8e,0,0,0,0,0,1,0,0,0,0,0,0,0,0,0,0.0
b32106c1-f960-3867-b8c9-c154130cfb8e,0,0,0,0,0,0,1,0,0,0,0,0,0,0,0,0.0
b32106c1-f960-3867-b8c9-c154130cfb8e,0,0,0,0,0,0,0,1,0,0,0,0,0,0,0,0.0
b32106c1-f960-3867-b8c9-c154130cfb8e,0,0,0,0,0,0,0,0,1,0,0,0,0,0,0,0.0
b32106c1-f960-3867-b8c9-c154130cfb8e,0,0,0,0,0,0,0,0,0,1,0,0,0,0,0,0.0
b32106c1-f960-3867-b8c9-c154130cfb8e,0,0,0,0,0,0,0,0,0,0,1,0,0,0,0,0.0
b32106c1-f960-3867-b8c9-c154130cfb8e,0,0,0,0,0,0,0,0,0,0,0,1,0,0,0,0.0
b32106c1-f960-3867-b8c9-c154130cfb8e,0,0,0,0,0,0,0,0,0,0,0,0,1,0,0,0.0
f405fb8f-9786-30e1-8580-3b64bd5bcbca,1,0,0,0,0,0,0,0,0,0,0,0,0,0,0,0.0
f405fb8f-9786-30e1-8580-3b64bd5bcbca,0,1,0,0,0,0,0,0,0,0,0,0,0,0,0,0.0
f405fb8f-9786-30e1-8580-3b64bd5bcbca,0,0,1,0,0,0,0,0,0,0,0,0,0,0,0,0.0
f405fb8f-9786-30e1-8580-3b64bd5bcbca,0,0,0,1,0,0,0,0,0,0,0,0,0,0,0,0.1282
f405fb8f-9786-30e1-8580-3b64bd5bcbca,0,0,0,0,1,0,0,0,0,0,0,0,0,0,0,37.8179
f405fb8f-9786-30e1-8580-3b64bd5bcbca,0,0,0,0,0,1,0,0,0,0,0,0,0,0,0,-37.8075
f405fb8f-9786-30e1-8580-3b64bd5bcbca,0,0,0,0,0,0,1,0,0,0,0,0,0,0,0,0.0
f405fb8f-9786-30e1-8580-3b64bd5bcbca,0,0,0,0,0,0,0,1,0,0,0,0,0,0,0,0.0
f405fb8f-9786-30e1-8580-3b64bd5bcbca,0,0,0,0,0,0,0,0,1,0,0,0,0,0,0,37.8181
f405fb8f-9786-30e1-8580-3b64bd5bcbca,0,0,0,0,0,0,0,0,0,1,0,0,0,0,0,14.9044
f405fb8f-9786-30e1-8580-3b64bd5bcbca,0,0,0,0,0,0,0,0,0,0,1,0,0,0,0,0.9656
f405fb8f-9786-30e1-8580-3b64bd5bcbca,0,0,0,0,0,0,0,0,0,0,0,1,0,0,0,0.0343
f405fb8f-9786-30e1-8580-3b64bd5bcbca,0,0,0,0,0,0,0,0,0,0,0,0,1,0,0,-0.0764
217a8315-5d17-3900-8a27-e4ea80a0b4e8,1,0,0,0,0,0,0,0,0,0,0,0,0,0,0,0.0
217a8315-5d17-3900-8a27-e4ea80a0b4e8,0,1,0,0,0,0,0,0,0,0,0,0,0,0,0,0.0
217a8315-5d17-3900-8a27-e4ea80a0b4e8,0,0,1,0,0,0,0,0,0,0,0,0,0,0,0,0.0
217a8315-5d17-3900-8a27-e4ea80a0b4e8,0,0,0,1,0,0,0,0,0,0,0,0,0,0,0,0.0
217a8315-5d17-3900-8a27-e4ea80a0b4e8,0,0,0,0,1,0,0,0,0,0,0,0,0,0,0,0.3391
217a8315-5d17-3900-8a27-e4ea80a0b4e8,0,0,0,0,0,1,0,0,0,0,0,0,0,0,0,-0.3391
217a8315-5d17-3900-8a27-e4ea80a0b4e8,0,0,0,0,0,0,1,0,0,0,0,0,0,0,0,0.0
217a8315-5d17-3900-8a27-e4ea80a0b4e8,0,0,0,0,0,0,0,1,0,0,0,0,0,0,0,0.0
217a8315-5d17-3900-8a27-e4ea80a0b4e8,0,0,0,0,0,0,0,0,1,0,0,0,0,0,0,0.3392
217a8315-5d17-3900-8a27-e4ea80a0b4e8,0,0,0,0,0,0,0,0,0,1,0,0,0,0,0,0.1551
217a8315-5d17-3900-8a27-e4ea80a0b4e8,0,0,0,0,0,0,0,0,0,0,1,0,0,0,0,-0.0108
217a8315-5d17-3900-8a27-e4ea80a0b4e8,0,0,0,0,0,0,0,0,0,0,0,1,0,0,0,0.0
217a8315-5d17-3900-8a27-e4ea80a0b4e8,0,0,0,0,0,0,0,0,0,0,0,0,1,0,0,0.0001
9e0cb981-1452-3b90-a34a-2c73aaff1bce,1,0,0,0,0,0,0,0,0,0,0,0,0,0,0,0.0
9e0cb981-1452-3b90-a34a-2c73aaff1bce,0,1,0,0,0,0,0,0,0,0,0,0,0,0,0,0.0
9e0cb981-1452-3b90-a34a-2c73aaff1bce,0,0,1,0,0,0,0,0,0,0,0,0,0,0,0,0.0
9e0cb981-1452-3b90-a34a-2c73aaff1bce,0,0,0,1,0,0,0,0,0,0,0,0,0,0,0,-13.4003
9e0cb981-1452-3b90-a34a-2c73aaff1bce,0,0,0,0,1,0,0,0,0,0,0,0,0,0,0,239.0492
9e0cb981-1452-3b90-a34a-2c73aaff1bce,0,0,0,0,0,1,0,0,0,0,0,0,0,0,0,-239.0103
9e0cb981-1452-3b90-a34a-2c73aaff1bce,0,0,0,0,0,0,1,0,0,0,0,0,0,0,0,0.0
9e0cb981-1452-3b90-a34a-2c73aaff1bce,0,0,0,0,0,0,0,1,0,0,0,0,0,0,0,0.0
9e0cb981-1452-3b90-a34a-2c73aaff1bce,0,0,0,0,0,0,0,0,1,0,0,0,0,0,0,239.033
9e0cb981-1452-3b90-a34a-2c73aaff1bce,0,0,0,0,0,0,0,0,0,1,0,0,0,0,0,94.0165
9e0cb981-1452-3b90-a34a-2c73aaff1bce,0,0,0,0,0,0,0,0,0,0,1,0,0,0,0,6.4027
9e0cb981-1452-3b90-a34a-2c73aaff1bce,0,0,0,0,0,0,0,0,0,0,0,1,0,0,0,0.0632
9e0cb981-1452-3b90-a34a-2c73aaff1bce,0,0,0,0,0,0,0,0,0,0,0,0,1,0,0,0.0428
c02f646f-09b0-3f82-a5da-6a4dec55101a,1,0,0,0,0,0,0,0,0,0,0,0,0,0,0,0.0
c02f646f-09b0-3f82-a5da-6a4dec55101a,0,1,0,0,0,0,0,0,0,0,0,0,0,0,0,0.0
c02f646f-09b0-3f82-a5da-6a4dec55101a,0,0,1,0,0,0,0,0,0,0,0,0,0,0,0,0.0
c02f646f-09b0-3f82-a5da-6a4dec55101a,0,0,0,1,0,0,0,0,0,0,0,0,0,0,0,-241.6962
c02f646f-09b0-3f82-a5da-6a4dec55101a,0,0,0,0,1,0,0,0,0,0,0,0,0,0,0,1170.3497
c02f646f-09b0-3f82-a5da-6a4dec55101a,0,0,0,0,0,1,0,0,0,0,0,0,0,0,0,-1170.2464
c02f646f-09b0-3f82-a5da-6a4dec55101a,0,0,0,0,0,0,1,0,0,0,0,0,0,0,0,0.0
c02f646f-09b0-3f82-a5da-6a4dec55101a,0,0,0,0,0,0,0,1,0,0,0,0,0,0,0,0.0
c02f646f-09b0-3f82-a5da-6a4dec55101a,0,0,0,0,0,0,0,0,1,0,0,0,0,0,0,1170.2753
c02f646f-09b0-3f82-a5da-6a4dec55101a,0,0,0,0,0,0,0,0,0,1,0,0,0,0,0,476.0811
c02f646f-09b0-3f82-a5da-6a4dec55101a,0,0,0,0,0,0,0,0,0,0,1,0,0,0,0,27.2836
c02f646f-09b0-3f82-a5da-6a4dec55101a,0,0,0,0,0,0,0,0,0,0,0,1,0,0,0,-0.4058
c02f646f-09b0-3f82-a5da-6a4dec55101a,0,0,0,0,0,0,0,0,0,0,0,0,1,0,0,2.1966
55071f43-163f-3b33-927f-8bfc62fb6ffa,1,0,0,0,0,0,0,0,0,0,0,0,0,0,0,0.0
55071f43-163f-3b33-927f-8bfc62fb6ffa,0,1,0,0,0,0,0,0,0,0,0,0,0,0,0,0.0
55071f43-163f-3b33-927f-8bfc62fb6ffa,0,0,1,0,0,0,0,0,0,0,0,0,0,0,0,0.0
55071f43-163f-3b33-927f-8bfc62fb6ffa,0,0,0,1,0,0,0,0,0,0,0,0,0,0,0,0.0
55071f43-163f-3b33-927f-8bfc62fb6ffa,0,0,0,0,1,0,0,0,0,0,0,0,0,0,0,0.0
55071f43-163f-3b33-927f-8bfc62fb6ffa,0,0,0,0,0,1,0,0,0,0,0,0,0,0,0,0.0
55071f43-163f-3b33-927f-8bfc62fb6ffa,0,0,0,0,0,0,1,0,0,0,0,0,0,0,0,0.0
55071f43-163f-3b33-927f-8bfc62fb6ffa,0,0,0,0,0,0,0,1,0,0,0,0,0,0,0,0.0
55071f43-163f-3b33-927f-8bfc62fb6ffa,0,0,0,0,0,0,0,0,1,0,0,0,0,0,0,0.0
55071f43-163f-3b33-927f-8bfc62fb6ffa,0,0,0,0,0,0,0,0,0,1,0,0,0,0,0,0.004
55071f43-163f-3b33-927f-8bfc62fb6ffa,0,0,0,0,0,0,0,0,0,0,1,0,0,0,0,-0.0001
55071f43-163f-3b33-927f-8bfc62fb6ffa,0,0,0,0,0,0,0,0,0,0,0,1,0,0,0,0.0
55071f43-163f-3b33-927f-8bfc62fb6ffa,0,0,0,0,0,0,0,0,0,0,0,0,1,0,0,0.0
6ff68171-1391-3636-9718-e0b8b45f5f35,1,0,0,0,0,0,0,0,0,0,0,0,0,0,0,0.0
6ff68171-1391-3636-9718-e0b8b45f5f35,0,1,0,0,0,0,0,0,0,0,0,0,0,0,0,0.0
6ff68171-1391-3636-9718-e0b8b45f5f35,0,0,1,0,0,0,0,0,0,0,0,0,0,0,0,0.0
6ff68171-1391-3636-9718-e0b8b45f5f35,0,0,0,1,0,0,0,0,0,0,0,0,0,0,0,-23.1949
6ff68171-1391-3636-9718-e0b8b45f5f35,0,0,0,0,1,0,0,0,0,0,0,0,0,0,0,334.2601
6ff68171-1391-3636-9718-e0b8b45f5f35,0,0,0,0,0,1,0,0,0,0,0,0,0,0,0,-334.2024
6ff68171-1391-3636-9718-e0b8b45f5f35,0,0,0,0,0,0,1,0,0,0,0,0,0,0,0,0.0
6ff68171-1391-3636-9718-e0b8b45f5f35,0,0,0,0,0,0,0,1,0,0,0,0,0,0,0,0.0
6ff68171-1391-3636-9718-e0b8b45f5f35,0,0,0,0,0,0,0,0,1,0,0,0,0,0,0,334.2375
6ff68171-1391-3636-9718-e0b8b45f5f35,0,0,0,0,0,0,0,0,0,1,0,0,0,0,0,135.8497
6ff68171-1391-3636-9718-e0b8b45f5f35,0,0,0,0,0,0,0,0,0,0,1,0,0,0,0,8.8335
6ff68171-1391-3636-9718-e0b8b45f5f35,0,0,0,0,0,0,0,0,0,0,0,1,0,0,0,0.0845
6ff68171-1391-3636-9718-e0b8b45f5f35,0,0,0,0,0,0,0,0,0,0,0,0,1,0,0,0.359
e0e0978d-d4e7-38d5-833d-28c6ebe3ab7a,1,0,0,0,0,0,0,0,0,0,0,0,0,0,0,0.0
e0e0978d-d4e7-38d5-833d-28c6ebe3ab7a,0,1,0,0,0,0,0,0,0,0,0,0,0,0,0,0.0
e0e0978d-d4e7-38d5-833d-28c6ebe3ab7a,0,0,1,0,0,0,0,0,0,0,0,0,0,0,0,0.0
e0e0978d-d4e7-38d5-833d-28c6ebe3ab7a,0,0,0,1,0,0,0,0,0,0,0,0,0,0,0,0.0
e0e0978d-d4e7-38d5-833d-28c6ebe3ab7a,0,0,0,0,1,0,0,0,0,0,0,0,0,0,0,0.0
e0e0978d-d4e7-38d5-833d-28c6ebe3ab7a,0,0,0,0,0,1,0,0,0,0,0,0,0,0,0,0.0
e0e0978d-d4e7-38d5-833d-28c6ebe3ab7a,0,0,0,0,0,0,1,0,0,0,0,0,0,0,0,0.0
e0e0978d-d4e7-38d5-833d-28c6ebe3ab7a,0,0,0,0,0,0,0,1,0,0,0,0,0,0,0,0.0
e0e0978d-d4e7-38d5-833d-28c6ebe3ab7a,0,0,0,0,0,0,0,0,1,0,0,0,0,0,0,0.0
e0e0978d-d4e7-38d5-833d-28c6ebe3ab7a,0,0,0,0,0,0,0,0,0,1,0,0,0,0,0,0.0
e0e0978d-d4e7-38d5-833d-28c6ebe3ab7a,0,0,0,0,0,0,0,0,0,0,1,0,0,0,0,0.0
e0e0978d-d4e7-38d5-833d-28c6ebe3ab7a,0,0,0,0,0,0,0,0,0,0,0,1,0,0,0,0.0
e0e0978d-d4e7-38d5-833d-28c6ebe3ab7a,0,0,0,0,0,0,0,0,0,0,0,0,1,0,0,0.0
5cf0624e-a85e-329e-802f-2db5c0ffd4a9,1,0,0,0,0,0,0,0,0,0,0,0,0,0,0,0.0
5cf0624e-a85e-329e-802f-2db5c0ffd4a9,0,1,0,0,0,0,0,0,0,0,0,0,0,0,0,0.0
5cf0624e-a85e-329e-802f-2db5c0ffd4a9,0,0,1,0,0,0,0,0,0,0,0,0,0,0,0,0.0
5cf0624e-a85e-329e-802f-2db5c0ffd4a9,0,0,0,1,0,0,0,0,0,0,0,0,0,0,0,0.0
5cf0624e-a85e-329e-802f-2db5c0ffd4a9,0,0,0,0,1,0,0,0,0,0,0,0,0,0,0,0.0
5cf0624e-a85e-329e-802f-2db5c0ffd4a9,0,0,0,0,0,1,0,0,0,0,0,0,0,0,0,0.0
5cf0624e-a85e-329e-802f-2db5c0ffd4a9,0,0,0,0,0,0,1,0,0,0,0,0,0,0,0,0.0
5cf0624e-a85e-329e-802f-2db5c0ffd4a9,0,0,0,0,0,0,0,1,0,0,0,0,0,0,0,0.0
5cf0624e-a85e-329e-802f-2db5c0ffd4a9,0,0,0,0,0,0,0,0,1,0,0,0,0,0,0,0.0
5cf0624e-a85e-329e-802f-2db5c0ffd4a9,0,0,0,0,0,0,0,0,0,1,0,0,0,0,0,0.0
5cf0624e-a85e-329e-802f-2db5c0ffd4a9,0,0,0,0,0,0,0,0,0,0,1,0,0,0,0,0.0
5cf0624e-a85e-329e-802f-2db5c0ffd4a9,0,0,0,0,0,0,0,0,0,0,0,1,0,0,0,0.0
5cf0624e-a85e-329e-802f-2db5c0ffd4a9,0,0,0,0,0,0,0,0,0,0,0,0,1,0,0,0.0
c8d5d9f7-35e0-372c-bab2-f8b3742b37e8,1,0,0,0,0,0,0,0,0,0,0,0,0,0,0,0.0
c8d5d9f7-35e0-372c-bab2-f8b3742b37e8,0,1,0,0,0,0,0,0,0,0,0,0,0,0,0,0.0
c8d5d9f7-35e0-372c-bab2-f8b3742b37e8,0,0,1,0,0,0,0,0,0,0,0,0,0,0,0,0.0
c8d5d9f7-35e0-372c-bab2-f8b3742b37e8,0,0,0,1,0,0,0,0,0,0,0,0,0,0,0,0.0
c8d5d9f7-35e0-372c-bab2-f8b3742b37e8,0,0,0,0,1,0,0,0,0,0,0,0,0,0,0,0.0
c8d5d9f7-35e0-372c-bab2-f8b3742b37e8,0,0,0,0,0,1,0,0,0,0,0,0,0,0,0,0.0
c8d5d9f7-35e0-372c-bab2-f8b3742b37e8,0,0,0,0,0,0,1,0,0,0,0,0,0,0,0,0.0
c8d5d9f7-35e0-372c-bab2-f8b3742b37e8,0,0,0,0,0,0,0,1,0,0,0,0,0,0,0,0.0
c8d5d9f7-35e0-372c-bab2-f8b3742b37e8,0,0,0,0,0,0,0,0,1,0,0,0,0,0,0,0.0
c8d5d9f7-35e0-372c-bab2-f8b3742b37e8,0,0,0,0,0,0,0,0,0,1,0,0,0,0,0,1.099
c8d5d9f7-35e0-372c-bab2-f8b3742b37e8,0,0,0,0,0,0,0,0,0,0,1,0,0,0,0,-0.0069
c8d5d9f7-35e0-372c-bab2-f8b3742b37e8,0,0,0,0,0,0,0,0,0,0,0,1,0,0,0,0.0006
c8d5d9f7-35e0-372c-bab2-f8b3742b37e8,0,0,0,0,0,0,0,0,0,0,0,0,1,0,0,-0.0008
5ec7f607-0ca0-3a86-a4da-38c9eb8db9c0,1,0,0,0,0,0,0,0,0,0,0,0,0,0,0,0.0
5ec7f607-0ca0-3a86-a4da-38c9eb8db9c0,0,1,0,0,0,0,0,0,0,0,0,0,0,0,0,0.0
5ec7f607-0ca0-3a86-a4da-38c9eb8db9c0,0,0,1,0,0,0,0,0,0,0,0,0,0,0,0,0.0
5ec7f607-0ca0-3a86-a4da-38c9eb8db9c0,0,0,0,1,0,0,0,0,0,0,0,0,0,0,0,0.0
5ec7f607-0ca0-3a86-a4da-38c9eb8db9c0,0,0,0,0,1,0,0,0,0,0,0,0,0,0,0,0.0
5ec7f607-0ca0-3a86-a4da-38c9eb8db9c0,0,0,0,0,0,1,0,0,0,0,0,0,0,0,0,0.0
5ec7f607-0ca0-3a86-a4da-38c9eb8db9c0,0,0,0,0,0,0,1,0,0,0,0,0,0,0,0,0.0
5ec7f607-0ca0-3a86-a4da-38c9eb8db9c0,0,0,0,0,0,0,0,1,0,0,0,0,0,0,0,0.0
5ec7f607-0ca0-3a86-a4da-38c9eb8db9c0,0,0,0,0,0,0,0,0,1,0,0,0,0,0,0,0.0
5ec7f607-0ca0-3a86-a4da-38c9eb8db9c0,0,0,0,0,0,0,0,0,0,1,0,0,0,0,0,0.0
5ec7f607-0ca0-3a86-a4da-38c9eb8db9c0,0,0,0,0,0,0,0,0,0,0,1,0,0,0,0,0.0
5ec7f607-0ca0-3a86-a4da-38c9eb8db9c0,0,0,0,0,0,0,0,0,0,0,0,1,0,0,0,0.0
5ec7f607-0ca0-3a86-a4da-38c9eb8db9c0,0,0,0,0,0,0,0,0,0,0,0,0,1,0,0,0.0
ad3ba8cc-5c1e-3999-9610-eca1cdb7ace1,1,0,0,0,0,0,0,0,0,0,0,0,0,0,0,0.0
ad3ba8cc-5c1e-3999-9610-eca1cdb7ace1,0,1,0,0,0,0,0,0,0,0,0,0,0,0,0,0.0
ad3ba8cc-5c1e-3999-9610-eca1cdb7ace1,0,0,1,0,0,0,0,0,0,0,0,0,0,0,0,0.0
ad3ba8cc-5c1e-3999-9610-eca1cdb7ace1,0,0,0,1,0,0,0,0,0,0,0,0,0,0,0,0.0
ad3ba8cc-5c1e-3999-9610-eca1cdb7ace1,0,0,0,0,1,0,0,0,0,0,0,0,0,0,0,0.0
ad3ba8cc-5c1e-3999-9610-eca1cdb7ace1,0,0,0,0,0,1,0,0,0,0,0,0,0,0,0,0.0
ad3ba8cc-5c1e-3999-9610-eca1cdb7ace1,0,0,0,0,0,0,1,0,0,0,0,0,0,0,0,0.0
ad3ba8cc-5c1e-3999-9610-eca1cdb7ace1,0,0,0,0,0,0,0,1,0,0,0,0,0,0,0,0.0
ad3ba8cc-5c1e-3999-9610-eca1cdb7ace1,0,0,0,0,0,0,0,0,1,0,0,0,0,0,0,0.0
ad3ba8cc-5c1e-3999-9610-eca1cdb7ace1,0,0,0,0,0,0,0,0,0,1,0,0,0,0,0,0.0
ad3ba8cc-5c1e-3999-9610-eca1cdb7ace1,0,0,0,0,0,0,0,0,0,0,1,0,0,0,0,0.0
ad3ba8cc-5c1e-3999-9610-eca1cdb7ace1,0,0,0,0,0,0,0,0,0,0,0,1,0,0,0,0.0
ad3ba8cc-5c1e-3999-9610-eca1cdb7ace1,0,0,0,0,0,0,0,0,0,0,0,0,1,0,0,0.0
13c08c24-283d-32dd-8897-a540ff4cbfff,1,0,0,0,0,0,0,0,0,0,0,0,0,0,0,0.0
13c08c24-283d-32dd-8897-a540ff4cbfff,0,1,0,0,0,0,0,0,0,0,0,0,0,0,0,0.0
13c08c24-283d-32dd-8897-a540ff4cbfff,0,0,1,0,0,0,0,0,0,0,0,0,0,0,0,0.0
13c08c24-283d-32dd-8897-a540ff4cbfff,0,0,0,1,0,0,0,0,0,0,0,0,0,0,0,0.0
13c08c24-283d-32dd-8897-a540ff4cbfff,0,0,0,0,1,0,0,0,0,0,0,0,0,0,0,0.0
13c08c24-283d-32dd-8897-a540ff4cbfff,0,0,0,0,0,1,0,0,0,0,0,0,0,0,0,0.0
13c08c24-283d-32dd-8897-a540ff4cbfff,0,0,0,0,0,0,1,0,0,0,0,0,0,0,0,0.0
13c08c24-283d-32dd-8897-a540ff4cbfff,0,0,0,0,0,0,0,1,0,0,0,0,0,0,0,0.0
13c08c24-283d-32dd-8897-a540ff4cbfff,0,0,0,0,0,0,0,0,1,0,0,0,0,0,0,0.0
13c08c24-283d-32dd-8897-a540ff4cbfff,0,0,0,0,0,0,0,0,0,1,0,0,0,0,0,0.0
13c08c24-283d-32dd-8897-a540ff4cbfff,0,0,0,0,0,0,0,0,0,0,1,0,0,0,0,0.0022
13c08c24-283d-32dd-8897-a540ff4cbfff,0,0,0,0,0,0,0,0,0,0,0,1,0,0,0,-0.0002
13c08c24-283d-32dd-8897-a540ff4cbfff,0,0,0,0,0,0,0,0,0,0,0,0,1,0,0,0.0
37147ff5-e877-345e-bd05-d83da1f350f5,1,0,0,0,0,0,0,0,0,0,0,0,0,0,0,0.0
37147ff5-e877-345e-bd05-d83da1f350f5,0,1,0,0,0,0,0,0,0,0,0,0,0,0,0,0.0
37147ff5-e877-345e-bd05-d83da1f350f5,0,0,1,0,0,0,0,0,0,0,0,0,0,0,0,0.0
37147ff5-e877-345e-bd05-d83da1f350f5,0,0,0,1,0,0,0,0,0,0,0,0,0,0,0,0.0
37147ff5-e877-345e-bd05-d83da1f350f5,0,0,0,0,1,0,0,0,0,0,0,0,0,0,0,0.0
37147ff5-e877-345e-bd05-d83da1f350f5,0,0,0,0,0,1,0,0,0,0,0,0,0,0,0,0.0
37147ff5-e877-345e-bd05-d83da1f350f5,0,0,0,0,0,0,1,0,0,0,0,0,0,0,0,0.0
37147ff5-e877-345e-bd05-d83da1f350f5,0,0,0,0,0,0,0,1,0,0,0,0,0,0,0,0.0
37147ff5-e877-345e-bd05-d83da1f350f5,0,0,0,0,0,0,0,0,1,0,0,0,0,0,0,0.0
37147ff5-e877-345e-bd05-d83da1f350f5,0,0,0,0,0,0,0,0,0,1,0,0,0,0,0,0.0
37147ff5-e877-345e-bd05-d83da1f350f5,0,0,0,0,0,0,0,0,0,0,1,0,0,0,0,0.0
37147ff5-e877-345e-bd05-d83da1f350f5,0,0,0,0,0,0,0,0,0,0,0,1,0,0,0,0.0
37147ff5-e877-345e-bd05-d83da1f350f5,0,0,0,0,0,0,0,0,0,0,0,0,1,0,0,0.0
d5002bcb-62eb-351c-a1b1-4747728a9978,1,0,0,0,0,0,0,0,0,0,0,0,0,0,0,0.0
d5002bcb-62eb-351c-a1b1-4747728a9978,0,1,0,0,0,0,0,0,0,0,0,0,0,0,0,0.0
d5002bcb-62eb-351c-a1b1-4747728a9978,0,0,1,0,0,0,0,0,0,0,0,0,0,0,0,0.0
d5002bcb-62eb-351c-a1b1-4747728a9978,0,0,0,1,0,0,0,0,0,0,0,0,0,0,0,0.0
d5002bcb-62eb-351c-a1b1-4747728a9978,0,0,0,0,1,0,0,0,0,0,0,0,0,0,0,0.0
d5002bcb-62eb-351c-a1b1-4747728a9978,0,0,0,0,0,1,0,0,0,0,0,0,0,0,0,0.0
d5002bcb-62eb-351c-a1b1-4747728a9978,0,0,0,0,0,0,1,0,0,0,0,0,0,0,0,0.0
d5002bcb-62eb-351c-a1b1-4747728a9978,0,0,0,0,0,0,0,1,0,0,0,0,0,0,0,0.0
d5002bcb-62eb-351c-a1b1-4747728a9978,0,0,0,0,0,0,0,0,1,0,0,0,0,0,0,0.0
d5002bcb-62eb-351c-a1b1-4747728a9978,0,0,0,0,0,0,0,0,0,1,0,0,0,0,0,0.0293
d5002bcb-62eb-351c-a1b1-4747728a9978,0,0,0,0,0,0,0,0,0,0,1,0,0,0,0,-0.0011
d5002bcb-62eb-351c-a1b1-4747728a9978,0,0,0,0,0,0,0,0,0,0,0,1,0,0,0,0.0
d5002bcb-62eb-351c-a1b1-4747728a9978,0,0,0,0,0,0,0,0,0,0,0,0,1,0,0,-0.0006
